ID	Top_Discriminant	Discriminant	Category Lv3	Date	Amount	Num Trans
0	Essentials	Council & Stratta	h. Council Tax	2010-07	265.6	1.0
1	Essentials	Council & Stratta	h. Council Tax	2010-10	265.6	1.0
2	Essentials	Council & Stratta	h. Council Tax	2011-01	265.6	1.0
3	Essentials	Council & Stratta	h. Council Tax	2011-04	265.6	1.0
4	Essentials	Council & Stratta	h. Council Tax	2011-07	287.43	1.0
5	Essentials	Council & Stratta	h. Council Tax	2011-10	287.43	1.0
6	Essentials	Council & Stratta	h. Council Tax	2012-01	287.43	1.0
7	Essentials	Council & Stratta	h. Council Tax	2012-04	287.04	1.0
8	Essentials	Council & Stratta	h. Council Tax	2012-07	303.01	1.0
9	Essentials	Council & Stratta	h. Council Tax	2012-10	302.9	1.0
10	Essentials	Council & Stratta	h. Council Tax	2013-01	302.9	1.0
11	Essentials	Council & Stratta	h. Council Tax	2013-04	302.9	1.0
12	Essentials	Council & Stratta	h. Council Tax	2013-07	317.07	1.0
13	Essentials	Council & Stratta	h. Council Tax	2013-10	316.7	1.0
14	Essentials	Council & Stratta	h. Council Tax	2014-01	316.7	1.0
15	Essentials	Council & Stratta	h. Council Tax	2014-04	316.7	1.0
16	Essentials	Council & Stratta	h. Council Tax	2014-07	328.48	1.0
17	Essentials	Council & Stratta	h. Council Tax	2014-10	328.3	1.0
18	Essentials	Council & Stratta	h. Council Tax	2015-01	328.3	1.0
19	Essentials	Council & Stratta	h. Strata Fees	2010-01	761.05	1.0
20	Essentials	Council & Stratta	h. Strata Fees	2010-04	761.05	1.0
21	Essentials	Council & Stratta	h. Strata Fees	2010-07	761.05	1.0
22	Essentials	Council & Stratta	h. Strata Fees	2010-10	761.05	1.0
23	Essentials	Council & Stratta	h. Strata Fees	2011-01	807.0999999999999	2.0
24	Essentials	Council & Stratta	h. Strata Fees	2011-04	783.1	1.0
25	Essentials	Council & Stratta	h. Strata Fees	2011-07	781.64	1.0
26	Essentials	Council & Stratta	h. Strata Fees	2011-10	1590.04	2.0
27	Essentials	Council & Stratta	h. Strata Fees	2012-01	26.76	1.0
28	Essentials	Council & Stratta	h. Strata Fees	2012-04	808.4	1.0
29	Essentials	Council & Stratta	h. Strata Fees	2012-07	808.4	1.0
30	Essentials	Council & Stratta	h. Strata Fees	2012-10	950.95	1.0
31	Essentials	Council & Stratta	h. Strata Fees	2013-01	950.95	1.0
32	Essentials	Council & Stratta	h. Strata Fees	2013-04	950.95	1.0
33	Essentials	Council & Stratta	h. Strata Fees	2013-07	950.95	1.0
34	Essentials	Council & Stratta	h. Strata Fees	2013-10	950.95	1.0
35	Essentials	Council & Stratta	h. Strata Fees	2014-01	1152.85	1.0
37	Essentials	Council & Stratta	h. Strata Fees	2014-07	2194.82	2.0
38	Essentials	Council & Stratta	h. Strata Fees	2014-10	1163.8	1.0
39	Essentials	Everything Else	g. Internet Provider	2010-01	193.7	3.0
40	Essentials	Everything Else	g. Internet Provider	2010-04	179.05	3.0
41	Essentials	Everything Else	g. Internet Provider	2010-07	184.37	3.0
42	Essentials	Everything Else	g. Internet Provider	2010-10	179.85000000000002	3.0
43	Essentials	Everything Else	g. Internet Provider	2011-01	182.04999999999998	3.0
44	Essentials	Everything Else	g. Internet Provider	2011-04	182.03000000000003	3.0
45	Essentials	Everything Else	g. Internet Provider	2011-07	179.85000000000002	3.0
46	Essentials	Everything Else	g. Internet Provider	2011-10	179.85000000000002	3.0
47	Essentials	Everything Else	g. Internet Provider	2012-01	179.85000000000002	3.0
48	Essentials	Everything Else	g. Internet Provider	2012-04	216.35000000000002	4.0
49	Essentials	Everything Else	g. Internet Provider	2012-07	360.72999999999996	4.0
50	Essentials	Everything Else	g. Internet Provider	2012-10	179.86	3.0
51	Essentials	Everything Else	g. Internet Provider	2013-01	183.5	3.0
52	Essentials	Everything Else	g. Internet Provider	2013-04	360.08	4.0
53	Essentials	Everything Else	g. Internet Provider	2013-07	180.15	3.0
54	Essentials	Everything Else	g. Internet Provider	2013-10	180.15	3.0
55	Essentials	Everything Else	g. Internet Provider	2014-01	232.14000000000001	3.0
56	Essentials	Everything Else	g. Internet Provider	2014-04	355.6	3.0
57	Essentials	Everything Else	g. Internet Provider	2014-07	179.8	2.0
58	Essentials	Everything Else	g. Internet Provider	2014-10	355.72	4.0
59	Essentials	Everything Else	g. Internet Provider	2015-01	288.31	3.0
60	Essentials	Everything Else	g. Internet Provider	2015-04	439.71000000000004	4.0
61	Essentials	Everything Else	g. Mexico Allowance	2010-01	265.07	1.0
62	Essentials	Everything Else	g. Mexico Allowance	2010-04	1225.6200000000001	3.0
63	Essentials	Everything Else	g. Mexico Allowance	2010-07	1169.84	3.0
64	Essentials	Everything Else	g. Mexico Allowance	2010-10	1227.4699999999998	3.0
65	Essentials	Everything Else	g. Mexico Allowance	2011-01	1224.05	3.0
66	Essentials	Everything Else	g. Mexico Allowance	2011-04	1259.72	3.0
67	Essentials	Everything Else	g. Mexico Allowance	2011-07	1201.49	3.0
68	Essentials	Everything Else	g. Mexico Allowance	2011-10	1157.06	3.0
69	Essentials	Everything Else	g. Mexico Allowance	2012-01	1459.63	2.0
70	Essentials	Everything Else	g. Mexico Allowance	2012-04	1472.11	3.0
71	Essentials	Everything Else	g. Mexico Allowance	2012-07	2012.09	3.0
72	Essentials	Everything Else	g. Mexico Allowance	2012-10	1039.78	2.0
73	Essentials	Everything Else	g. Mexico Allowance	2013-01	2180.2599999999998	5.0
74	Essentials	Everything Else	g. Mexico Allowance	2013-04	1476.1799999999998	4.0
75	Essentials	Everything Else	g. Mexico Allowance	2013-07	1557.56	4.0
76	Essentials	Everything Else	g. Mexico Allowance	2013-10	1545.25	3.0
77	Essentials	Everything Else	g. Mexico Allowance	2014-01	1736.15	3.0
78	Essentials	Everything Else	g. Mexico Allowance	2014-04	1648.8199999999997	3.0
79	Essentials	Everything Else	g. Mexico Allowance	2014-07	1747.02	3.0
80	Essentials	Everything Else	g. Mexico Allowance	2014-10	1736.5500000000002	4.0
81	Essentials	Everything Else	g. Mexico Allowance	2015-01	1257.69	3.0
82	Essentials	Everything Else	g. Mexico Allowance	2015-04	1125.5300000000002	2.0
83	Essentials	Everything Else	g. Telephone Bills	2010-01	370.01	8.0
84	Essentials	Everything Else	g. Telephone Bills	2010-04	1025.93	8.0
85	Essentials	Everything Else	g. Telephone Bills	2010-07	1049.06	8.0
86	Essentials	Everything Else	g. Telephone Bills	2010-10	750.01	8.0
87	Essentials	Everything Else	g. Telephone Bills	2011-01	305.25	6.0
88	Essentials	Everything Else	g. Telephone Bills	2011-04	346.78000000000003	6.0
89	Essentials	Everything Else	g. Telephone Bills	2011-07	549.23	8.0
90	Essentials	Everything Else	g. Telephone Bills	2011-10	450.26	7.0
91	Essentials	Everything Else	g. Telephone Bills	2012-01	463.1	7.0
92	Essentials	Everything Else	g. Telephone Bills	2012-04	448.43	6.0
93	Essentials	Everything Else	g. Telephone Bills	2012-07	498.84999999999997	12.0
94	Essentials	Everything Else	g. Telephone Bills	2012-10	570.42	12.0
95	Essentials	Everything Else	g. Telephone Bills	2013-01	443.27	7.0
96	Essentials	Everything Else	g. Telephone Bills	2013-04	502.45000000000005	8.0
97	Essentials	Everything Else	g. Telephone Bills	2013-07	493.71999999999997	9.0
98	Essentials	Everything Else	g. Telephone Bills	2013-10	524.68	7.0
99	Essentials	Everything Else	g. Telephone Bills	2014-01	726.92	9.0
100	Essentials	Everything Else	g. Telephone Bills	2014-04	874.49	9.0
101	Essentials	Everything Else	g. Telephone Bills	2014-07	830.21	11.0
102	Essentials	Everything Else	g. Telephone Bills	2014-10	583.8299999999999	8.0
103	Essentials	Everything Else	g. Telephone Bills	2015-01	706.75	11.0
104	Essentials	Everything Else	g. Telephone Bills	2015-04	1127.3600000000001	7.0
105	Essentials	Everything Else	g. Transport - Rail	2010-07	148.0	1.0
107	Essentials	Everything Else	g. Transport - Rail	2011-01	444.0	3.0
108	Essentials	Everything Else	g. Transport - Rail	2011-04	296.0	2.0
109	Essentials	Everything Else	g. Transport - Rail	2011-07	16.4	1.0
110	Essentials	Everything Else	g. Transport - Rail	2011-10	74.0	2.0
112	Essentials	Everything Else	g. Transport - Rail	2012-04	322.6	3.0
113	Essentials	Everything Else	g. Transport - Rail	2012-07	284.0	2.0
114	Essentials	Everything Else	g. Transport - Rail	2012-10	568.0	2.0
116	Essentials	Everything Else	g. Transport - Rail	2013-04	292.0	1.0
118	Essentials	Everything Else	g. Transport - Rail	2013-10	19.4	3.0
119	Essentials	Everything Else	g. Transport - Rail	2014-01	336.4	7.0
120	Essentials	Everything Else	g. Transport - Rail	2014-04	510.0	9.0
121	Essentials	Everything Else	g. Transport - Rail	2014-07	600.0	10.0
122	Essentials	Everything Else	g. Transport - Rail	2014-10	675.5999999999999	13.0
123	Essentials	Everything Else	g. Transport - Rail	2015-01	937.8	21.0
124	Essentials	Everything Else	g. Transport - Rail	2015-04	350.0	6.0
125	Essentials	Everything Else	i. Medical Consultations	2010-01	160.0	1.0
126	Essentials	Everything Else	i. Medical Consultations	2010-04	2512.05	12.0
127	Essentials	Everything Else	i. Medical Consultations	2010-07	2525.4	9.0
128	Essentials	Everything Else	i. Medical Consultations	2010-10	2845.0	15.0
129	Essentials	Everything Else	i. Medical Consultations	2011-01	60.0	1.0
130	Essentials	Everything Else	i. Medical Consultations	2011-04	235.0	4.0
131	Essentials	Everything Else	i. Medical Consultations	2011-07	85.0	2.0
132	Essentials	Everything Else	i. Medical Consultations	2011-10	210.0	5.0
133	Essentials	Everything Else	i. Medical Consultations	2012-01	394.4	7.0
134	Essentials	Everything Else	i. Medical Consultations	2012-04	374.46000000000004	7.0
135	Essentials	Everything Else	i. Medical Consultations	2012-07	852.0	9.0
136	Essentials	Everything Else	i. Medical Consultations	2012-10	90.0	2.0
137	Essentials	Everything Else	i. Medical Consultations	2013-01	90.0	3.0
138	Essentials	Everything Else	i. Medical Consultations	2013-04	565.0	5.0
139	Essentials	Everything Else	i. Medical Consultations	2013-07	1348.6	11.0
140	Essentials	Everything Else	i. Medical Consultations	2013-10	1784.6	13.0
141	Essentials	Everything Else	i. Medical Consultations	2014-01	1414.05	11.0
142	Essentials	Everything Else	i. Medical Consultations	2014-04	717.2500000000001	8.0
143	Essentials	Everything Else	i. Medical Consultations	2014-07	598.7	7.0
144	Essentials	Everything Else	i. Medical Consultations	2014-10	3783.95	15.0
145	Essentials	Everything Else	i. Medical Consultations	2015-01	1840.35	5.0
146	Essentials	Everything Else	i. Medical Consultations	2015-04	375.85	4.0
147	Essentials	Everything Else	i. Opticians	2010-04	428.64	4.0
150	Essentials	Everything Else	i. Opticians	2011-01	87.08	1.0
151	Essentials	Everything Else	i. Opticians	2011-04	476.66	1.0
152	Essentials	Everything Else	i. Opticians	2011-07	362.9	2.0
155	Essentials	Everything Else	i. Opticians	2012-04	48.07	2.0
157	Essentials	Everything Else	i. Opticians	2012-10	306.38	1.0
158	Essentials	Everything Else	i. Opticians	2013-01	690.0	4.0
160	Essentials	Everything Else	i. Opticians	2013-07	16.4	1.0
161	Essentials	Everything Else	i. Opticians	2013-10	127.8	2.0
162	Essentials	Everything Else	i. Opticians	2014-01	244.45	3.0
164	Essentials	Everything Else	i. Opticians	2014-07	794.05	1.0
165	Essentials	Everything Else	i. Opticians	2014-10	180.0	1.0
166	Essentials	Everything Else	i. Opticians	2015-01	16.4	1.0
167	Essentials	Insurances	g. Health Insurance	2010-01	509.74	2.0
168	Essentials	Insurances	g. Health Insurance	2010-04	481.58000000000004	4.0
169	Essentials	Insurances	g. Health Insurance	2010-07	836.58	3.0
170	Essentials	Insurances	g. Health Insurance	2010-10	836.58	3.0
171	Essentials	Insurances	g. Health Insurance	2011-01	836.58	3.0
172	Essentials	Insurances	g. Health Insurance	2011-04	970.47	3.0
173	Essentials	Insurances	g. Health Insurance	2011-07	970.47	3.0
174	Essentials	Insurances	g. Health Insurance	2011-10	970.47	3.0
175	Essentials	Insurances	g. Health Insurance	2012-01	970.47	3.0
176	Essentials	Insurances	g. Health Insurance	2012-04	4869.5	4.0
180	Essentials	Insurances	g. Health Insurance	2013-04	397.22	1.0
181	Essentials	Insurances	g. Health Insurance	2013-07	397.22	1.0
182	Essentials	Insurances	g. Health Insurance	2013-10	1588.88	4.0
183	Essentials	Insurances	g. Health Insurance	2014-01	794.44	2.0
184	Essentials	Insurances	g. Health Insurance	2014-04	1302.81	3.0
185	Essentials	Insurances	g. Health Insurance	2014-07	1302.81	3.0
186	Essentials	Insurances	g. Health Insurance	2014-10	868.54	2.0
187	Essentials	Insurances	g. Health Insurance	2015-01	1302.81	3.0
188	Essentials	Insurances	g. Health Insurance	2015-04	930.6199999999999	3.0
189	Essentials	Insurances	g. House Insurance	2010-01	95.32	2.0
190	Essentials	Insurances	g. House Insurance	2010-04	142.98	3.0
191	Essentials	Insurances	g. House Insurance	2010-07	144.88	3.0
192	Essentials	Insurances	g. House Insurance	2010-10	148.68	3.0
193	Essentials	Insurances	g. House Insurance	2011-01	148.68	3.0
194	Essentials	Insurances	g. House Insurance	2011-04	609.6800000000001	4.0
195	Essentials	Insurances	g. House Insurance	2011-07	99.12	2.0
199	Essentials	Insurances	g. House Insurance	2012-07	576.52	1.0
203	Essentials	Insurances	g. House Insurance	2013-07	647.92	1.0
204	Essentials	Insurances	g. Life Insurance	2010-01	663.42	6.0
205	Essentials	Insurances	g. Life Insurance	2010-04	663.4200000000001	6.0
206	Essentials	Insurances	g. Life Insurance	2010-07	663.4200000000001	6.0
207	Essentials	Insurances	g. Life Insurance	2010-10	698.2800000000001	6.0
208	Essentials	Insurances	g. Life Insurance	2011-01	715.71	6.0
209	Essentials	Insurances	g. Life Insurance	2011-04	715.71	6.0
210	Essentials	Insurances	g. Life Insurance	2011-07	715.71	6.0
211	Essentials	Insurances	g. Life Insurance	2011-10	770.9899999999999	6.0
212	Essentials	Insurances	g. Life Insurance	2012-01	532.42	4.0
213	Essentials	Insurances	g. Life Insurance	2012-04	798.6299999999999	6.0
214	Essentials	Insurances	g. Life Insurance	2012-07	532.42	4.0
215	Essentials	Insurances	g. Life Insurance	2012-10	1120.6999999999998	8.0
216	Essentials	Insurances	g. Life Insurance	2013-01	588.28	4.0
217	Essentials	Insurances	g. Life Insurance	2013-04	882.42	6.0
218	Essentials	Insurances	g. Life Insurance	2013-07	882.42	6.0
219	Essentials	Insurances	g. Life Insurance	2013-10	1240.53	8.0
220	Essentials	Insurances	g. Life Insurance	2014-01	983.6699999999998	6.0
221	Essentials	Insurances	g. Life Insurance	2014-04	655.78	4.0
222	Essentials	Insurances	g. Life Insurance	2014-07	1249.7599999999998	7.0
223	Essentials	Insurances	g. Life Insurance	2014-10	1110.25	7.0
224	Essentials	Insurances	g. Life Insurance	2015-01	1080.84	6.0
225	Essentials	Insurances	g. Life Insurance	2015-04	720.56	4.0
226	Essentials	Utilities Group	g. Utilities - Electric	2011-01	92.0	1.0
227	Essentials	Utilities Group	g. Utilities - Electric	2011-04	184.0	2.0
228	Essentials	Utilities Group	g. Utilities - Electric	2011-07	276.0	3.0
229	Essentials	Utilities Group	g. Utilities - Electric	2011-10	339.0	3.0
230	Essentials	Utilities Group	g. Utilities - Electric	2012-01	465.0	3.0
231	Essentials	Utilities Group	g. Utilities - Electric	2012-04	310.0	2.0
232	Essentials	Utilities Group	g. Utilities - Electric	2012-07	490.0	3.0
233	Essentials	Utilities Group	g. Utilities - Electric	2012-10	705.61	2.0
234	Essentials	Utilities Group	g. Utilities - Electric	2013-01	385.88	1.0
235	Essentials	Utilities Group	g. Utilities - Electric	2013-04	470.26	2.0
236	Essentials	Utilities Group	g. Utilities - Electric	2013-07	914.0799999999999	2.0
237	Essentials	Utilities Group	g. Utilities - Electric	2013-10	611.03	1.0
241	Essentials	Utilities Group	g. Utilities - Electric	2014-10	722.31	1.0
242	Essentials	Utilities Group	g. Utilities - Electric	2015-01	380.73	1.0
243	Essentials	Utilities Group	g. Utilities - Electric	2015-04	199.72	1.0
244	Essentials	Utilities Group	g. Utilities - Gas	2011-01	51.0	1.0
245	Essentials	Utilities Group	g. Utilities - Gas	2011-04	102.0	2.0
246	Essentials	Utilities Group	g. Utilities - Gas	2011-07	153.0	3.0
247	Essentials	Utilities Group	g. Utilities - Gas	2011-10	142.0	3.0
248	Essentials	Utilities Group	g. Utilities - Gas	2012-01	120.0	3.0
249	Essentials	Utilities Group	g. Utilities - Gas	2012-04	80.0	2.0
250	Essentials	Utilities Group	g. Utilities - Gas	2012-07	146.0	3.0
251	Essentials	Utilities Group	g. Utilities - Gas	2012-10	274.90999999999997	2.0
256	Essentials	Utilities Group	g. Utilities - Gas	2014-01	452.66	1.0
257	Essentials	Utilities Group	g. Utilities - Gas	2014-04	397.5	1.0
258	Essentials	Utilities Group	g. Utilities - Gas	2014-07	825.61	2.0
259	Essentials	Utilities Group	g. Utilities - Gas	2014-10	468.63	1.0
260	Essentials	Utilities Group	g. Utilities - Gas	2015-01	183.1	1.0
261	Essentials	Utilities Group	g. Utilities - Gas	2015-04	199.72	1.0
262	Essentials	Utilities Group	h. Utilities - Water	2010-01	174.85	1.0
263	Essentials	Utilities Group	h. Utilities - Water	2010-04	208.6	1.0
264	Essentials	Utilities Group	h. Utilities - Water	2010-07	202.2	1.0
265	Essentials	Utilities Group	h. Utilities - Water	2010-10	204.85	1.0
266	Essentials	Utilities Group	h. Utilities - Water	2011-01	226.95	1.0
267	Essentials	Utilities Group	h. Utilities - Water	2011-04	222.95	1.0
268	Essentials	Utilities Group	h. Utilities - Water	2011-07	215.6	1.0
269	Essentials	Utilities Group	h. Utilities - Water	2011-10	232.05	1.0
270	Essentials	Utilities Group	h. Utilities - Water	2012-01	225.7	1.0
271	Essentials	Utilities Group	h. Utilities - Water	2012-04	229.95	1.0
272	Essentials	Utilities Group	h. Utilities - Water	2012-07	218.9	1.0
273	Essentials	Utilities Group	h. Utilities - Water	2012-10	232.15	1.0
274	Essentials	Utilities Group	h. Utilities - Water	2013-01	215.15	1.0
275	Essentials	Utilities Group	h. Utilities - Water	2013-04	234.3	1.0
276	Essentials	Utilities Group	h. Utilities - Water	2013-07	220.95	1.0
277	Essentials	Utilities Group	h. Utilities - Water	2013-10	269.35	1.0
278	Essentials	Utilities Group	h. Utilities - Water	2014-01	249.85	1.0
279	Essentials	Utilities Group	h. Utilities - Water	2014-04	256.35	1.0
280	Essentials	Utilities Group	h. Utilities - Water	2014-07	237.5	1.0
281	Essentials	Utilities Group	h. Utilities - Water	2014-10	247.95	1.0
282	Essentials	Utilities Group	h. Utilities - Water	2015-01	246.95	1.0
283	Essentials	Utilities Group	h. Utilities - Water	2015-04	21.35	1.0
284	Essentials	a Grocery_Costs	a. Supermarket & house products	2010-01	2129.37	20.0
285	Essentials	a Grocery_Costs	a. Supermarket & house products	2010-04	2831.4699999999993	33.0
286	Essentials	a Grocery_Costs	a. Supermarket & house products	2010-07	2769.78	35.0
287	Essentials	a Grocery_Costs	a. Supermarket & house products	2010-10	4342.18	35.0
288	Essentials	a Grocery_Costs	a. Supermarket & house products	2011-01	2559.25	28.0
289	Essentials	a Grocery_Costs	a. Supermarket & house products	2011-04	3195.22	42.0
290	Essentials	a Grocery_Costs	a. Supermarket & house products	2011-07	3057.5600000000004	24.0
291	Essentials	a Grocery_Costs	a. Supermarket & house products	2011-10	3556.440000000001	32.0
292	Essentials	a Grocery_Costs	a. Supermarket & house products	2012-01	2994.98	36.0
293	Essentials	a Grocery_Costs	a. Supermarket & house products	2012-04	3104.31	26.0
294	Essentials	a Grocery_Costs	a. Supermarket & house products	2012-07	3592.8799999999997	38.0
295	Essentials	a Grocery_Costs	a. Supermarket & house products	2012-10	2331.7799999999993	29.0
296	Essentials	a Grocery_Costs	a. Supermarket & house products	2013-01	3371.9900000000002	31.0
297	Essentials	a Grocery_Costs	a. Supermarket & house products	2013-04	3154.3200000000006	39.0
298	Essentials	a Grocery_Costs	a. Supermarket & house products	2013-07	4152.68	46.0
299	Essentials	a Grocery_Costs	a. Supermarket & house products	2013-10	3185.7900000000004	45.0
300	Essentials	a Grocery_Costs	a. Supermarket & house products	2014-01	4788.820000000001	42.0
301	Essentials	a Grocery_Costs	a. Supermarket & house products	2014-04	3275.6400000000003	37.0
302	Essentials	a Grocery_Costs	a. Supermarket & house products	2014-07	3570.44	34.0
303	Essentials	a Grocery_Costs	a. Supermarket & house products	2014-10	4457.849999999999	44.0
304	Essentials	a Grocery_Costs	a. Supermarket & house products	2015-01	2564.9600000000005	56.0
305	Essentials	a Grocery_Costs	a. Supermarket & house products	2015-04	2783.8699999999994	48.0
306	Essentials	d Car_Expenses	d. Car expenses: Parking	2010-01	134.64000000000001	14.0
307	Essentials	d Car_Expenses	d. Car expenses: Parking	2010-04	80.7	10.0
308	Essentials	d Car_Expenses	d. Car expenses: Parking	2010-07	75.3	4.0
309	Essentials	d Car_Expenses	d. Car expenses: Parking	2010-10	122.4	12.0
310	Essentials	d Car_Expenses	d. Car expenses: Parking	2011-01	166.0	18.0
311	Essentials	d Car_Expenses	d. Car expenses: Parking	2011-04	51.8	5.0
312	Essentials	d Car_Expenses	d. Car expenses: Parking	2011-07	5.0	1.0
313	Essentials	d Car_Expenses	d. Car expenses: Parking	2011-10	9.5	2.0
314	Essentials	d Car_Expenses	d. Car expenses: Parking	2012-01	92.5	8.0
315	Essentials	d Car_Expenses	d. Car expenses: Parking	2012-04	26.5	4.0
316	Essentials	d Car_Expenses	d. Car expenses: Parking	2012-07	31.700000000000003	7.0
317	Essentials	d Car_Expenses	d. Car expenses: Parking	2012-10	48.0	4.0
318	Essentials	d Car_Expenses	d. Car expenses: Parking	2013-01	31.1	4.0
319	Essentials	d Car_Expenses	d. Car expenses: Parking	2013-04	154.0	8.0
320	Essentials	d Car_Expenses	d. Car expenses: Parking	2013-07	38.67	2.0
321	Essentials	d Car_Expenses	d. Car expenses: Parking	2013-10	51.48	5.0
322	Essentials	d Car_Expenses	d. Car expenses: Parking	2014-01	63.0	7.0
323	Essentials	d Car_Expenses	d. Car expenses: Parking	2014-04	6.2	2.0
324	Essentials	d Car_Expenses	d. Car expenses: Parking	2014-07	107.42	5.0
325	Essentials	d Car_Expenses	d. Car expenses: Parking	2014-10	139.5	7.0
326	Essentials	d Car_Expenses	d. Car expenses: Parking	2015-01	3.0	1.0
327	Essentials	d Car_Expenses	d. Car expenses: Parking	2015-04	225.58	19.0
328	Essentials	d Car_Expenses	d. Car expenses: Petrol	2010-01	263.33	3.0
329	Essentials	d Car_Expenses	d. Car expenses: Petrol	2010-04	349.72	5.0
330	Essentials	d Car_Expenses	d. Car expenses: Petrol	2010-07	328.96999999999997	6.0
331	Essentials	d Car_Expenses	d. Car expenses: Petrol	2010-10	197.23000000000002	3.0
332	Essentials	d Car_Expenses	d. Car expenses: Petrol	2011-01	723.2199999999999	9.0
333	Essentials	d Car_Expenses	d. Car expenses: Petrol	2011-04	489.14	7.0
334	Essentials	d Car_Expenses	d. Car expenses: Petrol	2011-07	557.13	7.0
335	Essentials	d Car_Expenses	d. Car expenses: Petrol	2011-10	532.54	8.0
336	Essentials	d Car_Expenses	d. Car expenses: Petrol	2012-01	401.3	6.0
337	Essentials	d Car_Expenses	d. Car expenses: Petrol	2012-04	403.18	7.0
338	Essentials	d Car_Expenses	d. Car expenses: Petrol	2012-07	400.37	5.0
339	Essentials	d Car_Expenses	d. Car expenses: Petrol	2012-10	171.07	2.0
340	Essentials	d Car_Expenses	d. Car expenses: Petrol	2013-01	395.97	6.0
341	Essentials	d Car_Expenses	d. Car expenses: Petrol	2013-04	496.21000000000004	6.0
342	Essentials	d Car_Expenses	d. Car expenses: Petrol	2013-07	443.5	6.0
343	Essentials	d Car_Expenses	d. Car expenses: Petrol	2013-10	239.46	3.0
344	Essentials	d Car_Expenses	d. Car expenses: Petrol	2014-01	281.43	5.0
345	Essentials	d Car_Expenses	d. Car expenses: Petrol	2014-04	227.19	3.0
346	Essentials	d Car_Expenses	d. Car expenses: Petrol	2014-07	186.7	2.0
347	Essentials	d Car_Expenses	d. Car expenses: Petrol	2014-10	394.37	5.0
348	Essentials	d Car_Expenses	d. Car expenses: Petrol	2015-01	300.25	4.0
349	Essentials	d Car_Expenses	d. Car expenses: Petrol	2015-04	306.85	6.0
350	Essentials	d Car_Expenses	d. Car expenses: Tolls	2010-04	100.0	2.0
351	Essentials	d Car_Expenses	d. Car expenses: Tolls	2010-07	200.0	4.0
352	Essentials	d Car_Expenses	d. Car expenses: Tolls	2010-10	50.0	1.0
354	Essentials	d Car_Expenses	d. Car expenses: Tolls	2011-04	50.0	1.0
356	Essentials	d Car_Expenses	d. Car expenses: Tolls	2011-10	50.0	1.0
357	Essentials	d Car_Expenses	d. Car expenses: Tolls	2012-01	50.0	1.0
358	Essentials	d Car_Expenses	d. Car expenses: Tolls	2012-04	300.0	6.0
359	Essentials	d Car_Expenses	d. Car expenses: Tolls	2012-07	750.0	15.0
360	Essentials	d Car_Expenses	d. Car expenses: Tolls	2012-10	550.0	11.0
361	Essentials	d Car_Expenses	d. Car expenses: Tolls	2013-01	450.0	9.0
362	Essentials	d Car_Expenses	d. Car expenses: Tolls	2013-04	700.0	14.0
363	Essentials	d Car_Expenses	d. Car expenses: Tolls	2013-07	600.0	12.0
364	Essentials	d Car_Expenses	d. Car expenses: Tolls	2013-10	300.0	6.0
365	Essentials	d Car_Expenses	d. Car expenses: Tolls	2014-01	300.0	6.0
366	Essentials	d Car_Expenses	d. Car expenses: Tolls	2014-04	882.5699999999999	17.0
367	Essentials	d Car_Expenses	d. Car expenses: Tolls	2014-07	800.0	16.0
368	Essentials	d Car_Expenses	d. Car expenses: Tolls	2014-10	778.83	18.0
369	Essentials	d Car_Expenses	d. Car expenses: Tolls	2015-01	989.36	10.0
370	Essentials	d Car_Expenses	d. Car expenses: Tolls	2015-04	125.0	2.0
371	Essentials	d Car_Expenses	g. Car expenses: Car Insurance	2010-01	207.16	2.0
372	Essentials	d Car_Expenses	g. Car expenses: Car Insurance	2010-04	302.99	3.0
373	Essentials	d Car_Expenses	g. Car expenses: Car Insurance	2010-07	287.49	3.0
374	Essentials	d Car_Expenses	g. Car expenses: Car Insurance	2010-10	287.49	3.0
375	Essentials	d Car_Expenses	g. Car expenses: Car Insurance	2011-01	287.49	3.0
376	Essentials	d Car_Expenses	g. Car expenses: Car Insurance	2011-04	1227.2	3.0
380	Essentials	d Car_Expenses	g. Car expenses: Car Insurance	2012-04	1726.92	3.0
384	Essentials	d Car_Expenses	g. Car expenses: Car Insurance	2013-04	1491.44	3.0
388	Essentials	d Car_Expenses	g. Car expenses: Car Insurance	2014-04	954.85	1.0
392	Essentials	d Car_Expenses	g. Car expenses: Car Insurance	2015-04	838.77	1.0
393	Essentials	d Car_Expenses	h. Car expenses: Fees	2010-01	253.0	1.0
394	Essentials	d Car_Expenses	h. Car expenses: Fees	2010-04	973.0	3.0
398	Essentials	d Car_Expenses	h. Car expenses: Fees	2011-04	446.0	1.0
406	Essentials	d Car_Expenses	h. Car expenses: Fees	2013-04	470.0	1.0
407	Essentials	d Car_Expenses	h. Car expenses: Fees	2013-07	24.0	1.0
408	Essentials	d Car_Expenses	h. Car expenses: Fees	2013-10	368.0	3.0
410	Essentials	d Car_Expenses	h. Car expenses: Fees	2014-04	1023.18	2.0
414	Essentials	d Car_Expenses	h. Car expenses: Fees	2015-04	1105.3	2.0
415	Essentials	d Car_Expenses	h. Car expenses: Repair & Maintenance	2010-07	711.05	1.0
416	Essentials	d Car_Expenses	h. Car expenses: Repair & Maintenance	2010-10	959.0	1.0
418	Essentials	d Car_Expenses	h. Car expenses: Repair & Maintenance	2011-04	651.66	1.0
420	Essentials	d Car_Expenses	h. Car expenses: Repair & Maintenance	2011-10	317.56	2.0
421	Essentials	d Car_Expenses	h. Car expenses: Repair & Maintenance	2012-01	89.97999999999999	2.0
422	Essentials	d Car_Expenses	h. Car expenses: Repair & Maintenance	2012-04	751.1	2.0
424	Essentials	d Car_Expenses	h. Car expenses: Repair & Maintenance	2012-10	216.0	1.0
426	Essentials	d Car_Expenses	h. Car expenses: Repair & Maintenance	2013-04	704.08	2.0
428	Essentials	d Car_Expenses	h. Car expenses: Repair & Maintenance	2013-10	375.24	2.0
429	Essentials	d Car_Expenses	h. Car expenses: Repair & Maintenance	2014-01	36.99	1.0
430	Essentials	d Car_Expenses	h. Car expenses: Repair & Maintenance	2014-04	970.9	1.0
432	Essentials	d Car_Expenses	h. Car expenses: Repair & Maintenance	2014-10	538.99	2.0
433	Essentials	d Car_Expenses	h. Car expenses: Repair & Maintenance	2015-01	2627.45	2.0
434	Essentials	j Education	j. Day Care	2010-01	405.5	2.0
435	Essentials	j Education	j. Day Care	2010-04	1393.0	5.0
436	Essentials	j Education	j. Day Care	2010-07	1303.0	5.0
437	Essentials	j Education	j. Day Care	2010-10	1295.0	6.0
438	Essentials	j Education	j. Day Care	2011-01	1572.0	6.0
439	Essentials	j Education	j. Day Care	2011-04	960.0	5.0
440	Essentials	j Education	j. Day Care	2011-07	1861.0	9.0
441	Essentials	j Education	j. Day Care	2011-10	1483.0	4.0
442	Essentials	j Education	j. Day Care	2012-01	2027.0	10.0
443	Essentials	j Education	j. Day Care	2012-04	1412.0	7.0
444	Essentials	j Education	j. Day Care	2012-07	1486.5	7.0
445	Essentials	j Education	j. Day Care	2012-10	924.0	4.0
446	Essentials	j Education	j. Day Care	2013-01	832.0	4.0
447	Essentials	j Education	j. Day Care	2013-04	1958.0	10.0
448	Essentials	j Education	j. Day Care	2013-07	1542.5	8.0
449	Essentials	j Education	j. Day Care	2013-10	911.0	5.0
450	Essentials	j Education	j. Day Care	2014-01	895.0	4.0
451	Essentials	j Education	j. Day Care	2014-04	1465.0	8.0
452	Essentials	j Education	j. Day Care	2014-07	1403.0	6.0
453	Essentials	j Education	j. Day Care	2014-10	1466.0	6.0
454	Essentials	j Education	j. Day Care	2015-01	719.0	2.0
455	Essentials	j Education	j. Holiday camps	2015-04	836.52	3.0
456	Essentials	j Education	j. Miscellaneous Education	2011-01	248.32	4.0
462	Essentials	j Education	j. Miscellaneous Education	2012-07	183.0	1.0
464	Essentials	j Education	j. Miscellaneous Education	2013-01	495.23	8.0
465	Essentials	j Education	j. Miscellaneous Education	2013-04	296.95	4.0
466	Essentials	j Education	j. Miscellaneous Education	2013-07	356.0	5.0
467	Essentials	j Education	j. Miscellaneous Education	2013-10	498.0	4.0
468	Essentials	j Education	j. Miscellaneous Education	2014-01	589.02	8.0
469	Essentials	j Education	j. Miscellaneous Education	2014-04	531.5	3.0
470	Essentials	j Education	j. Miscellaneous Education	2014-07	427.0	2.0
471	Essentials	j Education	j. Miscellaneous Education	2014-10	177.0	1.0
472	Essentials	j Education	j. Miscellaneous Education	2015-01	96.62	1.0
473	Essentials	j Education	j. Miscellaneous Education	2015-04	209.0	1.0
474	Essentials	j Education	j. School fees	2010-01	866.0	1.0
475	Essentials	j Education	j. School fees	2010-04	1396.0	4.0
476	Essentials	j Education	j. School fees	2010-07	866.0	1.0
478	Essentials	j Education	j. School fees	2011-01	928.0	1.0
479	Essentials	j Education	j. School fees	2011-04	901.0	1.0
480	Essentials	j Education	j. School fees	2011-07	946.0	2.0
482	Essentials	j Education	j. School fees	2012-01	952.0	1.0
483	Essentials	j Education	j. School fees	2012-04	1418.0	2.0
484	Essentials	j Education	j. School fees	2012-07	952.0	1.0
486	Essentials	j Education	j. School fees	2013-01	1096.0	2.0
487	Essentials	j Education	j. School fees	2013-04	1014.0	1.0
488	Essentials	j Education	j. School fees	2013-07	1014.0	1.0
490	Essentials	j Education	j. School fees	2014-01	1058.0	1.0
491	Essentials	j Education	j. School fees	2014-04	1074.0	2.0
492	Essentials	j Education	j. School fees	2014-07	1339.0	3.0
493	Essentials	j Education	j. School fees	2014-10	21.0	1.0
494	Essentials	j Education	j. School fees	2015-01	531.0	1.0
495	Essentials	j Education	j. School fees	2015-04	1065.0	1.0
496	Essentials	j Education	j. Soccer	2010-01	23.74	1.0
497	Essentials	j Education	j. Soccer	2010-04	23.73	2.0
504	Essentials	j Education	j. Soccer	2012-01	160.0	1.0
508	Essentials	j Education	j. Soccer	2013-01	155.0	1.0
512	Essentials	j Education	j. Soccer	2014-01	205.0	1.0
513	Essentials	j Education	j. Soccer	2014-04	14.99	1.0
514	Essentials	j Education	j. Soccer	2014-07	272.88	3.0
515	Essentials	j Education	j. Soccer	2014-10	116.97	1.0
517	Essentials	j Education	j. Soccer	2015-04	434.99	2.0
518	Essentials	j Education	j. Swimming School	2010-01	72.0	1.0
519	Essentials	j Education	j. Swimming School	2010-04	199.4	3.0
520	Essentials	j Education	j. Swimming School	2010-07	110.0	1.0
530	Essentials	j Education	j. Swimming School	2013-01	497.5	8.0
531	Essentials	j Education	j. Swimming School	2013-04	237.0	3.0
533	Essentials	j Education	j. Swimming School	2013-10	320.0	2.0
534	Essentials	j Education	j. Swimming School	2014-01	160.0	1.0
535	Holidays	Holidays	f. Accomodation	2010-01	286.8	1.0
536	Holidays	Holidays	f. Accomodation	2010-04	1366.37	6.0
537	Holidays	Holidays	f. Accomodation	2010-07	1136.82	11.0
539	Holidays	Holidays	f. Accomodation	2011-01	2081.71	6.0
541	Holidays	Holidays	f. Accomodation	2011-07	1004.87	5.0
542	Holidays	Holidays	f. Accomodation	2011-10	1899.15	2.0
543	Holidays	Holidays	f. Accomodation	2012-01	2136.19	7.0
544	Holidays	Holidays	f. Accomodation	2012-04	3352.0	7.0
545	Holidays	Holidays	f. Accomodation	2012-07	838.0	1.0
546	Holidays	Holidays	f. Accomodation	2012-10	3450.7900000000004	10.0
547	Holidays	Holidays	f. Accomodation	2013-01	608.26	3.0
548	Holidays	Holidays	f. Accomodation	2013-04	2296.13	2.0
549	Holidays	Holidays	f. Accomodation	2013-07	497.46	2.0
550	Holidays	Holidays	f. Accomodation	2013-10	1994.72	5.0
551	Holidays	Holidays	f. Accomodation	2014-01	548.1	1.0
552	Holidays	Holidays	f. Accomodation	2014-04	4252.8099999999995	7.0
553	Holidays	Holidays	f. Accomodation	2014-07	959.9200000000001	6.0
554	Holidays	Holidays	f. Accomodation	2014-10	1598.0	6.0
555	Holidays	Holidays	f. Accomodation	2015-01	2744.3500000000004	4.0
556	Holidays	Holidays	f. Accomodation	2015-04	3558.19	4.0
557	Holidays	Holidays	f. Car rental	2010-04	1059.4	2.0
558	Holidays	Holidays	f. Car rental	2010-07	71.66	1.0
560	Holidays	Holidays	f. Car rental	2011-01	551.35	4.0
562	Holidays	Holidays	f. Car rental	2011-07	390.56	2.0
565	Holidays	Holidays	f. Car rental	2012-04	524.23	2.0
567	Holidays	Holidays	f. Car rental	2012-10	747.95	3.0
568	Holidays	Holidays	f. Car rental	2013-01	1318.3100000000002	3.0
573	Holidays	Holidays	f. Car rental	2014-04	220.89	1.0
574	Holidays	Holidays	f. Car rental	2014-07	862.06	1.0
575	Holidays	Holidays	f. Car rental	2014-10	1245.77	2.0
576	Holidays	Holidays	f. Car rental	2015-01	839.56	1.0
577	Holidays	Holidays	f. Car rental	2015-04	200.0	3.0
578	Holidays	Holidays	f. Flight tickets & Petrol	2010-01	6742.610000000001	6.0
579	Holidays	Holidays	f. Flight tickets & Petrol	2010-04	193.4	3.0
580	Holidays	Holidays	f. Flight tickets & Petrol	2010-07	353.63	1.0
581	Holidays	Holidays	f. Flight tickets & Petrol	2010-10	571.38	1.0
582	Holidays	Holidays	f. Flight tickets & Petrol	2011-01	2489.71	11.0
584	Holidays	Holidays	f. Flight tickets & Petrol	2011-07	661.55	4.0
585	Holidays	Holidays	f. Flight tickets & Petrol	2011-10	662.77	2.0
586	Holidays	Holidays	f. Flight tickets & Petrol	2012-01	1201.24	3.0
587	Holidays	Holidays	f. Flight tickets & Petrol	2012-04	1290.0	2.0
588	Holidays	Holidays	f. Flight tickets & Petrol	2012-07	7278.790000000002	10.0
589	Holidays	Holidays	f. Flight tickets & Petrol	2012-10	863.8700000000001	4.0
590	Holidays	Holidays	f. Flight tickets & Petrol	2013-01	1841.7600000000002	17.0
591	Holidays	Holidays	f. Flight tickets & Petrol	2013-04	5334.06	1.0
592	Holidays	Holidays	f. Flight tickets & Petrol	2013-07	808.22	2.0
593	Holidays	Holidays	f. Flight tickets & Petrol	2013-10	688.8	6.0
594	Holidays	Holidays	f. Flight tickets & Petrol	2014-01	1803.5900000000001	6.0
595	Holidays	Holidays	f. Flight tickets & Petrol	2014-04	1908.07	3.0
596	Holidays	Holidays	f. Flight tickets & Petrol	2014-07	4654.08	6.0
597	Holidays	Holidays	f. Flight tickets & Petrol	2014-10	412.21000000000004	9.0
598	Holidays	Holidays	f. Flight tickets & Petrol	2015-01	2617.6900000000005	7.0
599	Holidays	Holidays	f. Flight tickets & Petrol	2015-04	1554.78	4.0
600	Holidays	Holidays	f. Miscellaneous Holidays	2010-04	849.49	16.0
601	Holidays	Holidays	f. Miscellaneous Holidays	2010-07	5124.839999999999	18.0
602	Holidays	Holidays	f. Miscellaneous Holidays	2010-10	263.0	3.0
603	Holidays	Holidays	f. Miscellaneous Holidays	2011-01	2203.3799999999997	22.0
604	Holidays	Holidays	f. Miscellaneous Holidays	2011-04	1515.71	10.0
605	Holidays	Holidays	f. Miscellaneous Holidays	2011-07	5131.5199999999995	44.0
606	Holidays	Holidays	f. Miscellaneous Holidays	2011-10	2027.9700000000003	8.0
607	Holidays	Holidays	f. Miscellaneous Holidays	2012-01	2767.78	21.0
608	Holidays	Holidays	f. Miscellaneous Holidays	2012-04	2497.1899999999996	19.0
609	Holidays	Holidays	f. Miscellaneous Holidays	2012-07	1060.24	4.0
610	Holidays	Holidays	f. Miscellaneous Holidays	2012-10	7102.16	47.0
611	Holidays	Holidays	f. Miscellaneous Holidays	2013-01	2325.23	31.0
612	Holidays	Holidays	f. Miscellaneous Holidays	2013-04	252.45	4.0
614	Holidays	Holidays	f. Miscellaneous Holidays	2013-10	9324.339999999997	68.0
615	Holidays	Holidays	f. Miscellaneous Holidays	2014-01	1399.9000000000005	14.0
616	Holidays	Holidays	f. Miscellaneous Holidays	2014-04	2645.4200000000005	29.0
617	Holidays	Holidays	f. Miscellaneous Holidays	2014-07	5375.01	36.0
618	Holidays	Holidays	f. Miscellaneous Holidays	2014-10	3215.5699999999997	42.0
619	Holidays	Holidays	f. Miscellaneous Holidays	2015-01	5273.299999999999	27.0
620	Holidays	Holidays	f. Miscellaneous Holidays	2015-04	8077.569999999999	26.0
621	House & Car Loans	House & Car Loans	g. Car expenses: Car Loan	2010-01	1704.32	2.0
622	House & Car Loans	House & Car Loans	g. Car expenses: Car Loan	2010-04	2556.48	3.0
623	House & Car Loans	House & Car Loans	g. Car expenses: Car Loan	2010-07	2556.48	3.0
624	House & Car Loans	House & Car Loans	g. Car expenses: Car Loan	2010-10	2556.48	3.0
625	House & Car Loans	House & Car Loans	g. Car expenses: Car Loan	2011-01	2556.48	3.0
626	House & Car Loans	House & Car Loans	g. Car expenses: Car Loan	2011-04	2556.48	3.0
627	House & Car Loans	House & Car Loans	g. Car expenses: Car Loan	2011-07	2556.48	3.0
628	House & Car Loans	House & Car Loans	g. Car expenses: Car Loan	2011-10	2556.48	3.0
629	House & Car Loans	House & Car Loans	g. Car expenses: Car Loan	2012-01	2556.48	3.0
630	House & Car Loans	House & Car Loans	g. Car expenses: Car Loan	2012-04	1704.32	2.0
631	House & Car Loans	House & Car Loans	g. Car expenses: Car Loan	2012-07	2556.48	3.0
632	House & Car Loans	House & Car Loans	g. Car expenses: Car Loan	2012-10	2556.48	3.0
633	House & Car Loans	House & Car Loans	g. Car expenses: Car Loan	2013-01	2556.48	3.0
634	House & Car Loans	House & Car Loans	g. Car expenses: Car Loan	2013-04	2596.92	3.0
642	House & Car Loans	House & Car Loans	g. Car expenses: Car Loan	2015-04	26108.71	3.0
643	House & Car Loans	House & Car Loans	k. Mortgage Payment	2010-01	6885.36	4.0
644	House & Car Loans	House & Car Loans	k. Mortgage Payment	2010-04	10716.06	6.0
645	House & Car Loans	House & Car Loans	k. Mortgage Payment	2010-07	12883.390000000001	7.0
646	House & Car Loans	House & Car Loans	k. Mortgage Payment	2010-10	13233.67	7.0
647	House & Car Loans	House & Car Loans	k. Mortgage Payment	2011-01	11586.960000000001	6.0
648	House & Car Loans	House & Car Loans	k. Mortgage Payment	2011-04	12638.96	8.0
649	House & Car Loans	House & Car Loans	k. Mortgage Payment	2011-07	14685.119999999999	9.0
650	House & Car Loans	House & Car Loans	k. Mortgage Payment	2011-10	13518.12	7.0
651	House & Car Loans	House & Car Loans	k. Mortgage Payment	2012-01	9655.800000000001	5.0
652	House & Car Loans	House & Car Loans	k. Mortgage Payment	2012-04	9565.59	5.0
653	House & Car Loans	House & Car Loans	k. Mortgage Payment	2012-07	12440.66	8.0
654	House & Car Loans	House & Car Loans	k. Mortgage Payment	2012-10	12725.55	7.0
655	House & Car Loans	House & Car Loans	k. Mortgage Payment	2013-01	10605.47	6.0
656	House & Car Loans	House & Car Loans	k. Mortgage Payment	2013-04	10550.15	6.0
657	House & Car Loans	House & Car Loans	k. Mortgage Payment	2013-07	10368.57	6.0
658	House & Car Loans	House & Car Loans	k. Mortgage Payment	2013-10	11923.24	7.0
659	House & Car Loans	House & Car Loans	k. Mortgage Payment	2014-01	10219.92	6.0
660	House & Car Loans	House & Car Loans	k. Mortgage Payment	2014-04	10219.92	6.0
661	House & Car Loans	House & Car Loans	k. Mortgage Payment	2014-07	10219.92	6.0
662	House & Car Loans	House & Car Loans	k. Mortgage Payment	2014-10	11923.24	7.0
663	House & Car Loans	House & Car Loans	k. Mortgage Payment	2015-01	10192.960000000001	6.0
664	House & Car Loans	House & Car Loans	k. Mortgage Payment	2015-04	10680.22	5.0
665	Moving to Melbourne	Moving to Melbourne	h. Moving to Melbourne	2015-01	66872.06000000001	36.0
666	Moving to Melbourne	Moving to Melbourne	h. Moving to Melbourne	2015-04	602255.54	13.0
667	Non Essentials	Non Essentials	b. Babysitter	2012-04	189.95	2.0
668	Non Essentials	Non Essentials	b. Bank Service Charges	2010-01	26.0	13.0
669	Non Essentials	Non Essentials	b. Bank Service Charges	2010-04	56.559999999999995	29.0
670	Non Essentials	Non Essentials	b. Bank Service Charges	2010-07	59.99	33.0
671	Non Essentials	Non Essentials	b. Bank Service Charges	2010-10	33.66	17.0
672	Non Essentials	Non Essentials	b. Bank Service Charges	2011-01	28.62	5.0
673	Non Essentials	Non Essentials	b. Bank Service Charges	2011-04	49.45000000000002	19.0
674	Non Essentials	Non Essentials	b. Bank Service Charges	2011-07	59.96000000000001	40.0
675	Non Essentials	Non Essentials	b. Bank Service Charges	2011-10	85.29	37.0
676	Non Essentials	Non Essentials	b. Bank Service Charges	2012-01	226.57999999999996	71.0
677	Non Essentials	Non Essentials	b. Bank Service Charges	2012-04	486.00999999999993	19.0
678	Non Essentials	Non Essentials	b. Bank Service Charges	2012-07	58.260000000000005	26.0
679	Non Essentials	Non Essentials	b. Bank Service Charges	2012-10	390.36000000000007	97.0
680	Non Essentials	Non Essentials	b. Bank Service Charges	2013-01	158.59000000000006	69.0
681	Non Essentials	Non Essentials	b. Bank Service Charges	2013-04	57.01999999999999	71.0
682	Non Essentials	Non Essentials	b. Bank Service Charges	2013-07	258.52	44.0
683	Non Essentials	Non Essentials	b. Bank Service Charges	2013-10	347.32000000000016	119.0
684	Non Essentials	Non Essentials	b. Bank Service Charges	2014-01	101.08	86.0
685	Non Essentials	Non Essentials	b. Bank Service Charges	2014-04	79.50000000000001	92.0
686	Non Essentials	Non Essentials	b. Bank Service Charges	2014-07	168.2400000000003	142.0
687	Non Essentials	Non Essentials	b. Bank Service Charges	2014-10	32.76999999999999	67.0
688	Non Essentials	Non Essentials	b. Bank Service Charges	2015-01	-4680.819999999994	120.0
689	Non Essentials	Non Essentials	b. Bank Service Charges	2015-04	1640.3099999999988	98.0
690	Non Essentials	Non Essentials	b. Books & Magazines (eBooks)	2010-04	290.2	8.0
691	Non Essentials	Non Essentials	b. Books & Magazines (eBooks)	2010-07	210.70999999999998	4.0
692	Non Essentials	Non Essentials	b. Books & Magazines (eBooks)	2010-10	151.14	4.0
693	Non Essentials	Non Essentials	b. Books & Magazines (eBooks)	2011-01	140.98000000000002	4.0
694	Non Essentials	Non Essentials	b. Books & Magazines (eBooks)	2011-04	137.94	3.0
695	Non Essentials	Non Essentials	b. Books & Magazines (eBooks)	2011-07	54.959999999999994	3.0
696	Non Essentials	Non Essentials	b. Books & Magazines (eBooks)	2011-10	81.78999999999999	4.0
697	Non Essentials	Non Essentials	b. Books & Magazines (eBooks)	2012-01	35.650000000000006	7.0
698	Non Essentials	Non Essentials	b. Books & Magazines (eBooks)	2012-04	183.99000000000012	72.0
699	Non Essentials	Non Essentials	b. Books & Magazines (eBooks)	2012-07	139.98000000000002	29.0
700	Non Essentials	Non Essentials	b. Books & Magazines (eBooks)	2012-10	1015.6800000000003	28.0
701	Non Essentials	Non Essentials	b. Books & Magazines (eBooks)	2013-01	178.36999999999992	49.0
702	Non Essentials	Non Essentials	b. Books & Magazines (eBooks)	2013-04	319.55000000000007	64.0
703	Non Essentials	Non Essentials	b. Books & Magazines (eBooks)	2013-07	225.03000000000014	73.0
704	Non Essentials	Non Essentials	b. Books & Magazines (eBooks)	2013-10	253.35000000000002	51.0
705	Non Essentials	Non Essentials	b. Books & Magazines (eBooks)	2014-01	222.46000000000006	57.0
706	Non Essentials	Non Essentials	b. Books & Magazines (eBooks)	2014-04	233.12999999999994	62.0
707	Non Essentials	Non Essentials	b. Books & Magazines (eBooks)	2014-07	304.66999999999985	83.0
708	Non Essentials	Non Essentials	b. Books & Magazines (eBooks)	2014-10	226.89999999999995	54.0
709	Non Essentials	Non Essentials	b. Books & Magazines (eBooks)	2015-01	213.5300000000001	48.0
710	Non Essentials	Non Essentials	b. Books & Magazines (eBooks)	2015-04	206.57000000000008	42.0
711	Non Essentials	Non Essentials	b. Charity	2010-07	70.0	3.0
713	Non Essentials	Non Essentials	b. Charity	2011-01	55.0	2.0
714	Non Essentials	Non Essentials	b. Charity	2011-04	20.0	1.0
719	Non Essentials	Non Essentials	b. Charity	2012-07	140.0	4.0
720	Non Essentials	Non Essentials	b. Charity	2012-10	90.0	3.0
721	Non Essentials	Non Essentials	b. Charity	2013-01	117.0	4.0
722	Non Essentials	Non Essentials	b. Charity	2013-04	90.0	3.0
723	Non Essentials	Non Essentials	b. Charity	2013-07	145.0	4.0
724	Non Essentials	Non Essentials	b. Charity	2013-10	105.0	3.0
725	Non Essentials	Non Essentials	b. Charity	2014-01	105.0	3.0
726	Non Essentials	Non Essentials	b. Charity	2014-04	208.2	4.0
727	Non Essentials	Non Essentials	b. Charity	2014-07	150.0	4.0
728	Non Essentials	Non Essentials	b. Charity	2014-10	120.0	3.0
729	Non Essentials	Non Essentials	b. Charity	2015-01	220.0	4.0
730	Non Essentials	Non Essentials	b. Charity	2015-04	80.0	2.0
731	Non Essentials	Non Essentials	b. Cleaning Lady	2010-01	445.0	6.0
732	Non Essentials	Non Essentials	b. Cleaning Lady	2010-04	375.0	5.0
733	Non Essentials	Non Essentials	b. Cleaning Lady	2010-07	295.0	4.0
734	Non Essentials	Non Essentials	b. Clothing non-essential	2010-01	287.89	5.0
735	Non Essentials	Non Essentials	b. Clothing non-essential	2010-04	981.52	11.0
738	Non Essentials	Non Essentials	b. Clothing non-essential	2011-01	292.83	5.0
739	Non Essentials	Non Essentials	b. Clothing non-essential	2011-04	414.65	4.0
740	Non Essentials	Non Essentials	b. Clothing non-essential	2011-07	801.0400000000001	3.0
741	Non Essentials	Non Essentials	b. Clothing non-essential	2011-10	730.3499999999999	9.0
742	Non Essentials	Non Essentials	b. Clothing non-essential	2012-01	165.99	2.0
743	Non Essentials	Non Essentials	b. Clothing non-essential	2012-04	21.6	1.0
744	Non Essentials	Non Essentials	b. Clothing non-essential	2012-07	393.27	6.0
745	Non Essentials	Non Essentials	b. Clothing non-essential	2012-10	454.48	4.0
747	Non Essentials	Non Essentials	b. Clothing non-essential	2013-04	112.42	2.0
748	Non Essentials	Non Essentials	b. Clothing non-essential	2013-07	211.51	4.0
749	Non Essentials	Non Essentials	b. Clothing non-essential	2013-10	81.46000000000001	2.0
750	Non Essentials	Non Essentials	b. Computer hardware - perso	2010-01	790.15	2.0
751	Non Essentials	Non Essentials	b. Computer hardware - perso	2010-04	1264.3	4.0
752	Non Essentials	Non Essentials	b. Computer hardware - perso	2010-07	128.95	2.0
753	Non Essentials	Non Essentials	b. Computer hardware - perso	2010-10	103.95	2.0
754	Non Essentials	Non Essentials	b. Computer hardware - perso	2011-01	30.25	1.0
755	Non Essentials	Non Essentials	b. Computer hardware - perso	2011-04	45.0	1.0
756	Non Essentials	Non Essentials	b. Computer hardware - perso	2011-07	552.0	2.0
757	Non Essentials	Non Essentials	b. Computer hardware - perso	2011-10	12.0	1.0
758	Non Essentials	Non Essentials	b. Computer hardware - perso	2012-01	387.0	3.0
759	Non Essentials	Non Essentials	b. Computer hardware - perso	2012-04	1242.0	4.0
760	Non Essentials	Non Essentials	b. Computer hardware - perso	2012-07	149.0	1.0
761	Non Essentials	Non Essentials	b. Computer hardware - perso	2012-10	838.0	4.0
762	Non Essentials	Non Essentials	b. Computer hardware - perso	2013-01	10.0	1.0
763	Non Essentials	Non Essentials	b. Computer hardware - perso	2013-04	172.0	2.0
764	Non Essentials	Non Essentials	b. Computer hardware - perso	2013-07	1003.99	11.0
765	Non Essentials	Non Essentials	b. Computer hardware - perso	2013-10	40.0	1.0
768	Non Essentials	Non Essentials	b. Computer hardware - perso	2014-07	43.7	1.0
769	Non Essentials	Non Essentials	b. Computer hardware - tax return	2014-01	316.0	5.0
770	Non Essentials	Non Essentials	b. Computer hardware - tax return	2014-04	32.03	2.0
771	Non Essentials	Non Essentials	b. Computer hardware - tax return	2014-07	440.0	1.0
772	Non Essentials	Non Essentials	b. Computer hardware - tax return	2014-10	19.0	1.0
773	Non Essentials	Non Essentials	b. Computer hardware - tax return	2015-01	46.0	1.0
774	Non Essentials	Non Essentials	b. Computer hardware - tax return	2015-04	653.91	6.0
775	Non Essentials	Non Essentials	b. Computer software - perso	2010-04	89.81	4.0
776	Non Essentials	Non Essentials	b. Computer software - perso	2010-07	19.06	1.0
777	Non Essentials	Non Essentials	b. Computer software - perso	2010-10	25.009999999999998	2.0
778	Non Essentials	Non Essentials	b. Computer software - perso	2011-01	118.03000000000002	11.0
779	Non Essentials	Non Essentials	b. Computer software - perso	2011-04	261.24000000000007	7.0
780	Non Essentials	Non Essentials	b. Computer software - perso	2011-07	196.58	25.0
781	Non Essentials	Non Essentials	b. Computer software - perso	2011-10	197.53000000000006	32.0
782	Non Essentials	Non Essentials	b. Computer software - perso	2012-01	214.86999999999998	36.0
783	Non Essentials	Non Essentials	b. Computer software - perso	2012-04	123.60999999999997	22.0
784	Non Essentials	Non Essentials	b. Computer software - perso	2012-07	363.5300000000001	16.0
785	Non Essentials	Non Essentials	b. Computer software - perso	2012-10	92.08	8.0
786	Non Essentials	Non Essentials	b. Computer software - perso	2013-01	68.11	5.0
787	Non Essentials	Non Essentials	b. Computer software - perso	2013-04	49.42	4.0
788	Non Essentials	Non Essentials	b. Computer software - perso	2013-07	116.11	2.0
789	Non Essentials	Non Essentials	b. Computer software - perso	2013-10	25.9	2.0
790	Non Essentials	Non Essentials	b. Computer software - perso	2014-01	20.85	1.0
791	Non Essentials	Non Essentials	b. Computer software - perso	2014-04	149.89	8.0
792	Non Essentials	Non Essentials	b. Computer software - perso	2014-07	36.06	4.0
793	Non Essentials	Non Essentials	b. Computer software - perso	2014-10	74.74000000000001	5.0
795	Non Essentials	Non Essentials	b. Computer software - perso	2015-04	64.7	3.0
796	Non Essentials	Non Essentials	b. Computer software - tax return	2014-04	311.57	3.0
798	Non Essentials	Non Essentials	b. Computer software - tax return	2014-10	180.0	1.0
800	Non Essentials	Non Essentials	b. Computer software - tax return	2015-04	56.82	1.0
801	Non Essentials	Non Essentials	b. Eating out & take aways	2010-01	269.55	3.0
802	Non Essentials	Non Essentials	b. Eating out & take aways	2010-04	211.9	4.0
803	Non Essentials	Non Essentials	b. Eating out & take aways	2010-07	255.75	6.0
804	Non Essentials	Non Essentials	b. Eating out & take aways	2010-10	435.40000000000003	6.0
805	Non Essentials	Non Essentials	b. Eating out & take aways	2011-01	764.45	12.0
806	Non Essentials	Non Essentials	b. Eating out & take aways	2011-04	647.4	9.0
807	Non Essentials	Non Essentials	b. Eating out & take aways	2011-07	344.52	9.0
808	Non Essentials	Non Essentials	b. Eating out & take aways	2011-10	274.85	6.0
809	Non Essentials	Non Essentials	b. Eating out & take aways	2012-01	1495.8100000000002	24.0
810	Non Essentials	Non Essentials	b. Eating out & take aways	2012-04	822.3999999999999	18.0
811	Non Essentials	Non Essentials	b. Eating out & take aways	2012-07	2442.0300000000007	46.0
812	Non Essentials	Non Essentials	b. Eating out & take aways	2012-10	1736.9200000000003	33.0
813	Non Essentials	Non Essentials	b. Eating out & take aways	2013-01	1751.3999999999999	38.0
814	Non Essentials	Non Essentials	b. Eating out & take aways	2013-04	1241.45	32.0
815	Non Essentials	Non Essentials	b. Eating out & take aways	2013-07	1584.1200000000001	42.0
816	Non Essentials	Non Essentials	b. Eating out & take aways	2013-10	796.0000000000002	25.0
817	Non Essentials	Non Essentials	b. Eating out & take aways	2014-01	1436.59	35.0
818	Non Essentials	Non Essentials	b. Eating out & take aways	2014-04	1087.9300000000003	28.0
819	Non Essentials	Non Essentials	b. Eating out & take aways	2014-07	1016.6500000000001	39.0
820	Non Essentials	Non Essentials	b. Eating out & take aways	2014-10	1959.7899999999997	62.0
821	Non Essentials	Non Essentials	b. Eating out & take aways	2015-01	2926.8899999999994	82.0
822	Non Essentials	Non Essentials	b. Eating out & take aways	2015-04	2404.2900000000004	51.0
823	Non Essentials	Non Essentials	b. Entertaining @ home	2011-01	117.31	2.0
824	Non Essentials	Non Essentials	b. Entertaining @ home	2011-04	29.2	2.0
837	Non Essentials	Non Essentials	b. Entertaining @ home	2014-07	29.9	1.0
838	Non Essentials	Non Essentials	b. Entertainment - Partying	2010-01	335.6	5.0
839	Non Essentials	Non Essentials	b. Entertainment - Partying	2010-04	43.3	2.0
840	Non Essentials	Non Essentials	b. Entertainment - Partying	2010-07	239.26999999999998	5.0
841	Non Essentials	Non Essentials	b. Entertainment - Partying	2010-10	65.8	3.0
842	Non Essentials	Non Essentials	b. Entertainment - Partying	2011-01	435.35	9.0
843	Non Essentials	Non Essentials	b. Entertainment - Partying	2011-04	119.7	4.0
844	Non Essentials	Non Essentials	b. Entertainment - Partying	2011-07	71.0	2.0
845	Non Essentials	Non Essentials	b. Entertainment - Partying	2011-10	124.2	4.0
846	Non Essentials	Non Essentials	b. Entertainment - Partying	2012-01	519.0	10.0
847	Non Essentials	Non Essentials	b. Entertainment - Partying	2012-04	177.2	5.0
848	Non Essentials	Non Essentials	b. Entertainment - Partying	2012-07	330.34999999999997	7.0
849	Non Essentials	Non Essentials	b. Entertainment - Partying	2012-10	259.8	8.0
850	Non Essentials	Non Essentials	b. Entertainment - Partying	2013-01	411.40000000000003	9.0
851	Non Essentials	Non Essentials	b. Entertainment - Partying	2013-04	269.25	10.0
852	Non Essentials	Non Essentials	b. Entertainment - Partying	2013-07	777.64	19.0
853	Non Essentials	Non Essentials	b. Entertainment - Partying	2013-10	596.15	14.0
854	Non Essentials	Non Essentials	b. Entertainment - Partying	2014-01	1466.9599999999998	24.0
855	Non Essentials	Non Essentials	b. Entertainment - Partying	2014-04	418.01	7.0
856	Non Essentials	Non Essentials	b. Entertainment - Partying	2014-07	490.39	12.0
857	Non Essentials	Non Essentials	b. Entertainment - Partying	2014-10	479.48	10.0
858	Non Essentials	Non Essentials	b. Entertainment - Partying	2015-01	937.83	23.0
859	Non Essentials	Non Essentials	b. Entertainment - Partying	2015-04	525.77	11.0
860	Non Essentials	Non Essentials	b. Family celebrations	2010-01	3263.0	13.0
862	Non Essentials	Non Essentials	b. Family celebrations	2010-07	430.2	3.0
863	Non Essentials	Non Essentials	b. Family celebrations	2010-10	261.1	4.0
864	Non Essentials	Non Essentials	b. Family celebrations	2011-01	306.5	3.0
866	Non Essentials	Non Essentials	b. Family celebrations	2011-07	243.0	3.0
868	Non Essentials	Non Essentials	b. Family celebrations	2012-01	226.5	1.0
869	Non Essentials	Non Essentials	b. Family celebrations	2012-04	55.0	1.0
870	Non Essentials	Non Essentials	b. Family celebrations	2012-07	416.84000000000003	6.0
872	Non Essentials	Non Essentials	b. Family celebrations	2013-01	1469.8	4.0
873	Non Essentials	Non Essentials	b. Family celebrations	2013-04	530.1999999999999	2.0
874	Non Essentials	Non Essentials	b. Family celebrations	2013-07	838.1400000000001	7.0
878	Non Essentials	Non Essentials	b. Family celebrations	2014-07	537.55	8.0
879	Non Essentials	Non Essentials	b. Family celebrations	2014-10	1264.5	3.0
880	Non Essentials	Non Essentials	b. Gifts	2010-01	310.31	3.0
881	Non Essentials	Non Essentials	b. Gifts	2010-04	273.95	7.0
882	Non Essentials	Non Essentials	b. Gifts	2010-07	497.03999999999996	6.0
883	Non Essentials	Non Essentials	b. Gifts	2010-10	831.49	7.0
884	Non Essentials	Non Essentials	b. Gifts	2011-01	627.0500000000001	7.0
885	Non Essentials	Non Essentials	b. Gifts	2011-04	162.44	3.0
886	Non Essentials	Non Essentials	b. Gifts	2011-07	464.18000000000006	10.0
887	Non Essentials	Non Essentials	b. Gifts	2011-10	1362.51	14.0
888	Non Essentials	Non Essentials	b. Gifts	2012-01	686.19	10.0
889	Non Essentials	Non Essentials	b. Gifts	2012-04	371.89000000000004	4.0
890	Non Essentials	Non Essentials	b. Gifts	2012-07	465.46	7.0
891	Non Essentials	Non Essentials	b. Gifts	2012-10	3702.1499999999996	7.0
892	Non Essentials	Non Essentials	b. Gifts	2013-01	416.84999999999997	3.0
893	Non Essentials	Non Essentials	b. Gifts	2013-04	186.49	4.0
895	Non Essentials	Non Essentials	b. Gifts	2013-10	262.02	3.0
896	Non Essentials	Non Essentials	b. Gifts	2014-01	138.05	4.0
897	Non Essentials	Non Essentials	b. Gifts	2014-04	535.7	7.0
898	Non Essentials	Non Essentials	b. Gifts	2014-07	130.65	2.0
899	Non Essentials	Non Essentials	b. Gifts	2014-10	251.62	2.0
900	Non Essentials	Non Essentials	b. Gifts	2015-01	461.29	5.0
901	Non Essentials	Non Essentials	b. Gifts	2015-04	268.18	2.0
902	Non Essentials	Non Essentials	b. Gym	2010-01	180.0	5.0
903	Non Essentials	Non Essentials	b. Gym	2010-04	200.0	7.0
904	Non Essentials	Non Essentials	b. Gym	2010-07	227.5	8.0
905	Non Essentials	Non Essentials	b. Gym	2010-10	220.0	7.0
906	Non Essentials	Non Essentials	b. Gym	2011-01	252.0	7.0
907	Non Essentials	Non Essentials	b. Gym	2011-04	216.0	6.0
908	Non Essentials	Non Essentials	b. Gym	2011-07	512.0	8.0
909	Non Essentials	Non Essentials	b. Gym	2011-10	309.61	7.0
910	Non Essentials	Non Essentials	b. Gym	2012-01	321.98	8.0
911	Non Essentials	Non Essentials	b. Gym	2012-04	216.0	6.0
912	Non Essentials	Non Essentials	b. Gym	2012-07	252.0	7.0
913	Non Essentials	Non Essentials	b. Gym	2012-10	164.0	6.0
914	Non Essentials	Non Essentials	b. Gym	2013-01	226.0	7.0
915	Non Essentials	Non Essentials	b. Gym	2013-04	230.99	7.0
916	Non Essentials	Non Essentials	b. Gym	2013-07	402.1	9.0
917	Non Essentials	Non Essentials	b. Gym	2013-10	286.75	9.0
918	Non Essentials	Non Essentials	b. Gym	2014-01	538.28	17.0
919	Non Essentials	Non Essentials	b. Gym	2014-04	575.99	10.0
920	Non Essentials	Non Essentials	b. Gym	2014-07	514.94	4.0
921	Non Essentials	Non Essentials	b. Gym	2014-10	173.0	5.0
922	Non Essentials	Non Essentials	b. Gym	2015-01	613.5000000000001	15.0
923	Non Essentials	Non Essentials	b. Gym	2015-04	55.0	1.0
924	Non Essentials	Non Essentials	b. House - DIY & Gardening	2010-01	266.5	4.0
926	Non Essentials	Non Essentials	b. House - DIY & Gardening	2010-07	306.81	2.0
927	Non Essentials	Non Essentials	b. House - DIY & Gardening	2010-10	66.58	1.0
929	Non Essentials	Non Essentials	b. House - DIY & Gardening	2011-04	65.39	1.0
930	Non Essentials	Non Essentials	b. House - DIY & Gardening	2011-07	617.8000000000001	6.0
931	Non Essentials	Non Essentials	b. House - DIY & Gardening	2011-10	137.34	7.0
932	Non Essentials	Non Essentials	b. House - DIY & Gardening	2012-01	67.98	2.0
933	Non Essentials	Non Essentials	b. House - DIY & Gardening	2012-04	64.59	2.0
934	Non Essentials	Non Essentials	b. House - DIY & Gardening	2012-07	191.05	3.0
935	Non Essentials	Non Essentials	b. House - DIY & Gardening	2012-10	12.06	1.0
937	Non Essentials	Non Essentials	b. House - DIY & Gardening	2013-04	259.0	5.0
938	Non Essentials	Non Essentials	b. House - DIY & Gardening	2013-07	292.04999999999995	5.0
939	Non Essentials	Non Essentials	b. House - DIY & Gardening	2013-10	9.69	1.0
940	Non Essentials	Non Essentials	b. House - DIY & Gardening	2014-01	84.0	1.0
941	Non Essentials	Non Essentials	b. House - DIY & Gardening	2014-04	140.07	6.0
942	Non Essentials	Non Essentials	b. House - DIY & Gardening	2014-07	156.17000000000002	5.0
943	Non Essentials	Non Essentials	b. House - DIY & Gardening	2014-10	107.99	1.0
944	Non Essentials	Non Essentials	b. House - DIY & Gardening	2015-01	167.57	5.0
945	Non Essentials	Non Essentials	b. House - DIY & Gardening	2015-04	208.42000000000002	5.0
946	Non Essentials	Non Essentials	b. House - Furnishings	2010-01	186.78	1.0
947	Non Essentials	Non Essentials	b. House - Furnishings	2010-04	690.0	1.0
948	Non Essentials	Non Essentials	b. House - Furnishings	2010-07	195.0	1.0
950	Non Essentials	Non Essentials	b. House - Furnishings	2011-01	7929.55	15.0
951	Non Essentials	Non Essentials	b. House - Furnishings	2011-04	4788.42	6.0
952	Non Essentials	Non Essentials	b. House - Furnishings	2011-07	1234.07	5.0
953	Non Essentials	Non Essentials	b. House - Furnishings	2011-10	4055.3	11.0
954	Non Essentials	Non Essentials	b. House - Furnishings	2012-01	305.0	2.0
955	Non Essentials	Non Essentials	b. House - Furnishings	2012-04	200.0	1.0
956	Non Essentials	Non Essentials	b. House - Furnishings	2012-07	399.47	3.0
957	Non Essentials	Non Essentials	b. House - Furnishings	2012-10	273.84999999999997	4.0
958	Non Essentials	Non Essentials	b. House - Furnishings	2013-01	268.77	3.0
961	Non Essentials	Non Essentials	b. House - Furnishings	2013-10	1235.83	5.0
962	Non Essentials	Non Essentials	b. House - Furnishings	2014-01	149.0	1.0
966	Non Essentials	Non Essentials	b. House - Furnishings	2015-01	1847.75	7.0
967	Non Essentials	Non Essentials	b. House - Furnishings	2015-04	4998.27	13.0
968	Non Essentials	Non Essentials	b. Ironing/Dry Cleaning	2011-07	52.0	1.0
972	Non Essentials	Non Essentials	b. Ironing/Dry Cleaning	2012-07	106.5	3.0
973	Non Essentials	Non Essentials	b. Ironing/Dry Cleaning	2012-10	132.9	3.0
975	Non Essentials	Non Essentials	b. Ironing/Dry Cleaning	2013-04	158.60000000000002	4.0
976	Non Essentials	Non Essentials	b. Ironing/Dry Cleaning	2013-07	150.70000000000002	4.0
977	Non Essentials	Non Essentials	b. Ironing/Dry Cleaning	2013-10	62.0	1.0
979	Non Essentials	Non Essentials	b. Ironing/Dry Cleaning	2014-04	137.6	3.0
980	Non Essentials	Non Essentials	b. Ironing/Dry Cleaning	2014-07	120.3	3.0
981	Non Essentials	Non Essentials	b. Ironing/Dry Cleaning	2014-10	66.1	2.0
982	Non Essentials	Non Essentials	b. Ironing/Dry Cleaning	2015-01	21.6	1.0
983	Non Essentials	Non Essentials	b. Ironing/Dry Cleaning	2015-04	108.9	2.0
984	Non Essentials	Non Essentials	b. Lingerie	2010-01	263.8	1.0
985	Non Essentials	Non Essentials	b. Lingerie	2010-04	146.11	2.0
986	Non Essentials	Non Essentials	b. Liquor shop	2010-01	443.38999999999993	9.0
987	Non Essentials	Non Essentials	b. Liquor shop	2010-04	481.84000000000003	9.0
988	Non Essentials	Non Essentials	b. Liquor shop	2010-07	278.71999999999997	6.0
989	Non Essentials	Non Essentials	b. Liquor shop	2010-10	297.86	6.0
990	Non Essentials	Non Essentials	b. Liquor shop	2011-01	581.2600000000001	7.0
991	Non Essentials	Non Essentials	b. Liquor shop	2011-04	260.38	5.0
992	Non Essentials	Non Essentials	b. Liquor shop	2011-07	337.94000000000005	5.0
993	Non Essentials	Non Essentials	b. Liquor shop	2011-10	522.71	6.0
994	Non Essentials	Non Essentials	b. Liquor shop	2012-01	248.26999999999998	5.0
995	Non Essentials	Non Essentials	b. Liquor shop	2012-04	424.70000000000005	4.0
996	Non Essentials	Non Essentials	b. Liquor shop	2012-07	710.0	7.0
997	Non Essentials	Non Essentials	b. Liquor shop	2012-10	314.45	3.0
998	Non Essentials	Non Essentials	b. Liquor shop	2013-01	906.6400000000001	6.0
999	Non Essentials	Non Essentials	b. Liquor shop	2013-04	524.7	4.0
1000	Non Essentials	Non Essentials	b. Liquor shop	2013-07	721.45	8.0
1001	Non Essentials	Non Essentials	b. Liquor shop	2013-10	445.46000000000004	3.0
1002	Non Essentials	Non Essentials	b. Liquor shop	2014-01	674.06	7.0
1003	Non Essentials	Non Essentials	b. Liquor shop	2014-04	720.07	6.0
1004	Non Essentials	Non Essentials	b. Liquor shop	2014-07	821.72	5.0
1005	Non Essentials	Non Essentials	b. Liquor shop	2014-10	1499.83	12.0
1006	Non Essentials	Non Essentials	b. Liquor shop	2015-01	401.4	6.0
1007	Non Essentials	Non Essentials	b. Liquor shop	2015-04	209.79000000000002	4.0
1008	Non Essentials	Non Essentials	b. Miscellaneous Non Essentials	2010-01	1035.3600000000001	17.0
1009	Non Essentials	Non Essentials	b. Miscellaneous Non Essentials	2010-04	2833.0699999999997	31.0
1010	Non Essentials	Non Essentials	b. Miscellaneous Non Essentials	2010-07	1309.51	20.0
1011	Non Essentials	Non Essentials	b. Miscellaneous Non Essentials	2010-10	3096.06	35.0
1012	Non Essentials	Non Essentials	b. Miscellaneous Non Essentials	2011-01	1283.8400000000001	19.0
1013	Non Essentials	Non Essentials	b. Miscellaneous Non Essentials	2011-04	1078.9099999999999	16.0
1014	Non Essentials	Non Essentials	b. Miscellaneous Non Essentials	2011-07	723.86	8.0
1015	Non Essentials	Non Essentials	b. Miscellaneous Non Essentials	2011-10	346.9200000000001	9.0
1016	Non Essentials	Non Essentials	b. Miscellaneous Non Essentials	2012-01	1560.23	16.0
1017	Non Essentials	Non Essentials	b. Miscellaneous Non Essentials	2012-04	343.45	7.0
1018	Non Essentials	Non Essentials	b. Miscellaneous Non Essentials	2012-07	759.3100000000001	15.0
1019	Non Essentials	Non Essentials	b. Miscellaneous Non Essentials	2012-10	354.28000000000003	7.0
1020	Non Essentials	Non Essentials	b. Miscellaneous Non Essentials	2013-01	968.13	16.0
1021	Non Essentials	Non Essentials	b. Miscellaneous Non Essentials	2013-04	751.88	12.0
1022	Non Essentials	Non Essentials	b. Miscellaneous Non Essentials	2013-07	1698.6299999999999	26.0
1023	Non Essentials	Non Essentials	b. Miscellaneous Non Essentials	2013-10	263.91	7.0
1024	Non Essentials	Non Essentials	b. Miscellaneous Non Essentials	2014-01	1929.22	22.0
1025	Non Essentials	Non Essentials	b. Miscellaneous Non Essentials	2014-04	1371.02	25.0
1026	Non Essentials	Non Essentials	b. Miscellaneous Non Essentials	2014-07	2968.89	28.0
1027	Non Essentials	Non Essentials	b. Miscellaneous Non Essentials	2014-10	1243.7	9.0
1028	Non Essentials	Non Essentials	b. Miscellaneous Non Essentials	2015-01	2043.3500000000001	26.0
1029	Non Essentials	Non Essentials	b. Miscellaneous Non Essentials	2015-04	1109.67	7.0
1030	Non Essentials	Non Essentials	b. Pay TV	2010-01	270.0	2.0
1031	Non Essentials	Non Essentials	b. Pay TV	2010-04	405.0	3.0
1032	Non Essentials	Non Essentials	b. Pay TV	2010-07	405.0	3.0
1033	Non Essentials	Non Essentials	b. Pay TV	2010-10	405.0	3.0
1034	Non Essentials	Non Essentials	b. Pay TV	2011-01	410.5	3.0
1035	Non Essentials	Non Essentials	b. Pay TV	2011-04	449.98	4.0
1036	Non Essentials	Non Essentials	b. Pay TV	2011-07	449.48	6.0
1037	Non Essentials	Non Essentials	b. Pay TV	2011-10	441.49	6.0
1038	Non Essentials	Non Essentials	b. Pay TV	2012-01	448.89	4.0
1039	Non Essentials	Non Essentials	b. Pay TV	2012-04	416.5	3.0
1040	Non Essentials	Non Essentials	b. Pay TV	2012-07	422.0	3.0
1041	Non Essentials	Non Essentials	b. Pay TV	2012-10	395.0	3.0
1042	Non Essentials	Non Essentials	b. Pay TV	2013-01	184.39	3.0
1043	Non Essentials	Non Essentials	b. Pay TV	2013-04	509.15	4.0
1044	Non Essentials	Non Essentials	b. Pay TV	2013-07	455.99	4.0
1045	Non Essentials	Non Essentials	b. Pay TV	2013-10	229.39	3.0
1046	Non Essentials	Non Essentials	b. Pay TV	2014-01	266.18	5.0
1048	Non Essentials	Non Essentials	b. Pay TV	2014-07	139.99	1.0
1049	Non Essentials	Non Essentials	b. Photo - Courses - perso	2010-01	100.57	2.0
1050	Non Essentials	Non Essentials	b. Photo - Courses - perso	2010-04	151.89	3.0
1051	Non Essentials	Non Essentials	b. Photo - Courses - perso	2010-07	150.52	3.0
1052	Non Essentials	Non Essentials	b. Photo - Courses - perso	2010-10	137.61	3.0
1053	Non Essentials	Non Essentials	b. Photo - Courses - perso	2011-01	138.36	5.0
1054	Non Essentials	Non Essentials	b. Photo - Courses - perso	2011-04	130.32999999999998	5.0
1055	Non Essentials	Non Essentials	b. Photo - Courses - perso	2011-07	130.93	5.0
1056	Non Essentials	Non Essentials	b. Photo - Courses - perso	2011-10	397.94	11.0
1057	Non Essentials	Non Essentials	b. Photo - Courses - perso	2012-01	129.64000000000001	4.0
1058	Non Essentials	Non Essentials	b. Photo - Courses - perso	2012-04	82.25999999999999	4.0
1059	Non Essentials	Non Essentials	b. Photo - Courses - perso	2012-07	284.93	8.0
1060	Non Essentials	Non Essentials	b. Photo - Courses - perso	2012-10	95.27	5.0
1061	Non Essentials	Non Essentials	b. Photo - Courses - perso	2013-01	88.0	2.0
1062	Non Essentials	Non Essentials	b. Photo - Courses - perso	2013-04	274.86	7.0
1069	Non Essentials	Non Essentials	b. Photo - Courses - perso	2015-01	128.51999999999998	2.0
1070	Non Essentials	Non Essentials	b. Photo - Courses - perso	2015-04	65.42	1.0
1071	Non Essentials	Non Essentials	b. Photo - Courses - tax return	2013-10	295.0	1.0
1074	Non Essentials	Non Essentials	b. Photo - Courses - tax return	2014-07	116.31	2.0
1075	Non Essentials	Non Essentials	b. Photo - s/w & Gear - tax return	2013-07	32.99	1.0
1076	Non Essentials	Non Essentials	b. Photo - s/w & Gear - tax return	2013-10	195.17999999999998	4.0
1077	Non Essentials	Non Essentials	b. Photo - s/w & Gear - tax return	2014-01	19.0	1.0
1078	Non Essentials	Non Essentials	b. Photo - s/w & Gear - tax return	2014-04	302.49	4.0
1082	Non Essentials	Non Essentials	b. Photo - s/w & Gear - tax return	2015-04	16.22	1.0
1083	Non Essentials	Non Essentials	b. Photo - s/w & gear - perso	2010-01	139.95	1.0
1084	Non Essentials	Non Essentials	b. Photo - s/w & gear - perso	2010-04	239.0	2.0
1085	Non Essentials	Non Essentials	b. Photo - s/w & gear - perso	2010-07	234.31	3.0
1086	Non Essentials	Non Essentials	b. Photo - s/w & gear - perso	2010-10	114.95	1.0
1087	Non Essentials	Non Essentials	b. Photo - s/w & gear - perso	2011-01	132.31	3.0
1088	Non Essentials	Non Essentials	b. Photo - s/w & gear - perso	2011-04	251.58	2.0
1089	Non Essentials	Non Essentials	b. Photo - s/w & gear - perso	2011-07	403.74	2.0
1090	Non Essentials	Non Essentials	b. Photo - s/w & gear - perso	2011-10	1491.06	7.0
1091	Non Essentials	Non Essentials	b. Photo - s/w & gear - perso	2012-01	325.12	3.0
1092	Non Essentials	Non Essentials	b. Photo - s/w & gear - perso	2012-04	326.99	2.0
1094	Non Essentials	Non Essentials	b. Photo - s/w & gear - perso	2012-10	2106.0	5.0
1095	Non Essentials	Non Essentials	b. Photo - s/w & gear - perso	2013-01	1026.75	13.0
1096	Non Essentials	Non Essentials	b. Photo - s/w & gear - perso	2013-04	1432.3600000000001	18.0
1097	Non Essentials	Non Essentials	b. Photo - s/w & gear - perso	2013-07	410.0	6.0
1098	Non Essentials	Non Essentials	b. Photo - s/w & gear - perso	2013-10	2787.0	10.0
1099	Non Essentials	Non Essentials	b. Photo - s/w & gear - perso	2014-01	1353.7499999999998	8.0
1100	Non Essentials	Non Essentials	b. Photo - s/w & gear - perso	2014-04	877.72	3.0
1101	Non Essentials	Non Essentials	b. Photo - s/w & gear - perso	2014-07	8.0	1.0
1102	Non Essentials	Non Essentials	b. Photo - s/w & gear - perso	2014-10	57.29	3.0
1103	Non Essentials	Non Essentials	b. Photo - s/w & gear - perso	2015-01	2.95	1.0
1104	Non Essentials	Non Essentials	b. Photo - s/w & gear - perso	2015-04	36.79	2.0
1105	Non Essentials	Non Essentials	b. Scuba Diving	2010-01	849.95	3.0
1106	Non Essentials	Non Essentials	b. Scuba Diving	2010-04	140.0	1.0
1108	Non Essentials	Non Essentials	b. Scuba Diving	2010-10	71.0	1.0
1116	Non Essentials	Non Essentials	b. Scuba Diving	2012-10	2893.76	8.0
1117	Non Essentials	Non Essentials	b. Scuba Diving	2013-01	370.01	3.0
1118	Non Essentials	Non Essentials	b. Scuba Diving	2013-04	18.0	1.0
1119	Non Essentials	Non Essentials	b. Scuba Diving	2013-07	100.0	1.0
1120	Non Essentials	Non Essentials	b. Scuba Diving	2013-10	85.0	2.0
1121	Non Essentials	Non Essentials	b. Scuba Diving	2014-01	109.9	1.0
1122	Non Essentials	Non Essentials	b. Scuba Diving	2014-04	356.8	1.0
1125	Non Essentials	Non Essentials	b. Scuba Diving	2015-01	40.0	1.0
1126	Non Essentials	Non Essentials	b. Ski	2015-04	180.0	1.0
1127	Non Essentials	Non Essentials	b. Spa & Pampering	2010-07	187.8	3.0
1128	Non Essentials	Non Essentials	b. Spa & Pampering	2010-10	257.16	2.0
1129	Non Essentials	Non Essentials	b. Spa & Pampering	2011-01	367.0	3.0
1130	Non Essentials	Non Essentials	b. Spa & Pampering	2011-04	526.81	4.0
1131	Non Essentials	Non Essentials	b. Spa & Pampering	2011-07	372.3	3.0
1132	Non Essentials	Non Essentials	b. Spa & Pampering	2011-10	170.0	3.0
1133	Non Essentials	Non Essentials	b. Spa & Pampering	2012-01	84.85	1.0
1135	Non Essentials	Non Essentials	b. Spa & Pampering	2012-07	49.0	1.0
1136	Non Essentials	Non Essentials	b. Spa & Pampering	2012-10	24.0	1.0
1137	Non Essentials	Non Essentials	b. Spa & Pampering	2013-01	114.0	2.0
1138	Non Essentials	Non Essentials	b. Spa & Pampering	2013-04	150.0	1.0
1139	Non Essentials	Non Essentials	b. Spa & Pampering	2013-07	333.0	3.0
1143	Non Essentials	Non Essentials	b. Spa & Pampering	2014-07	95.0	1.0
1144	Non Essentials	Non Essentials	b. Spa & Pampering	2014-10	69.0	1.0
1145	Non Essentials	Non Essentials	b. Taxes	2010-07	395.0	2.0
1149	Non Essentials	Non Essentials	b. Taxes	2011-07	375.0	2.0
1153	Non Essentials	Non Essentials	b. Taxes	2012-07	385.0	2.0
1157	Non Essentials	Non Essentials	b. Taxes	2013-07	495.0	2.0
1161	Non Essentials	Non Essentials	b. Taxes	2014-07	500.0	1.0
1162	Non Essentials	Non Essentials	b. Transport - Taxis	2010-10	20.2	1.0
1164	Non Essentials	Non Essentials	b. Transport - Taxis	2011-04	45.510000000000005	2.0
1170	Non Essentials	Non Essentials	b. Transport - Taxis	2012-10	54.03	3.0
1179	Non Essentials	Non Essentials	b. Transport - Taxis	2015-01	22.16	2.0
1180	Non Essentials	Non Essentials	b. WIP - Check with Corinne	2011-07	1119.08	8.0
1181	Non Essentials	Non Essentials	b. WIP - Check with Corinne	2011-10	342.94000000000005	8.0
1188	Non Essentials	Non Essentials	b. WIP - Check with Corinne	2013-07	39.73	3.0
1193	Non Essentials	Non Essentials	b. WIP - Check with Corinne	2014-10	649.12	6.0
1194	Non Essentials	Non Essentials	e. Cash Withdrawals	2010-01	3275.0	27.0
1195	Non Essentials	Non Essentials	e. Cash Withdrawals	2010-04	4123.0	33.0
1196	Non Essentials	Non Essentials	e. Cash Withdrawals	2010-07	3695.0	26.0
1197	Non Essentials	Non Essentials	e. Cash Withdrawals	2010-10	4425.6900000000005	28.0
1198	Non Essentials	Non Essentials	e. Cash Withdrawals	2011-01	3200.0	19.0
1199	Non Essentials	Non Essentials	e. Cash Withdrawals	2011-04	3286.44	21.0
1200	Non Essentials	Non Essentials	e. Cash Withdrawals	2011-07	4070.0	27.0
1201	Non Essentials	Non Essentials	e. Cash Withdrawals	2011-10	3320.0	35.0
1202	Non Essentials	Non Essentials	e. Cash Withdrawals	2012-01	2780.41	30.0
1203	Non Essentials	Non Essentials	e. Cash Withdrawals	2012-04	3500.0	34.0
1204	Non Essentials	Non Essentials	e. Cash Withdrawals	2012-07	3670.0	36.0
1205	Non Essentials	Non Essentials	e. Cash Withdrawals	2012-10	3040.0	30.0
1206	Non Essentials	Non Essentials	e. Cash Withdrawals	2013-01	3624.95	37.0
1207	Non Essentials	Non Essentials	e. Cash Withdrawals	2013-04	4150.0	40.0
1208	Non Essentials	Non Essentials	e. Cash Withdrawals	2013-07	4060.0	39.0
1209	Non Essentials	Non Essentials	e. Cash Withdrawals	2013-10	3160.0	33.0
1210	Non Essentials	Non Essentials	e. Cash Withdrawals	2014-01	3860.0	34.0
1211	Non Essentials	Non Essentials	e. Cash Withdrawals	2014-04	4210.0	30.0
1212	Non Essentials	Non Essentials	e. Cash Withdrawals	2014-07	3650.0	30.0
1213	Non Essentials	Non Essentials	e. Cash Withdrawals	2014-10	3400.0	27.0
1214	Non Essentials	Non Essentials	e. Cash Withdrawals	2015-01	4390.0	26.0
1215	Non Essentials	Non Essentials	e. Cash Withdrawals	2015-04	1789.56	9.0
1216	Non Essentials	Non Essentials	h. Weight Watchers	2011-04	89.95	1.0
1217	Non Essentials	Non Essentials	h. Weight Watchers	2011-07	91.05	5.0
1222	Non Essentials	Non Essentials	h. Weight Watchers	2012-10	91.75	2.0
1227	Non Essentials	Non Essentials	h. Weight Watchers	2014-01	149.62	4.0
1228	Non Essentials	Non Essentials	h. Weight Watchers	2014-04	248.96	4.0
1229	Non Essentials	Non Essentials	h. Weight Watchers	2014-07	65.3	2.0
1230	Non Essentials	Non Essentials	h. Weight Watchers	2014-10	98.6	3.0
1231	Non Essentials	Non Essentials	h. Weight Watchers	2015-01	99.89999999999999	3.0
1232	Non Essentials	Non Essentials	h. Weight Watchers	2015-04	66.6	2.0
1233	Non Essentials	Non Essentials	i. Essential clothing	2010-07	60.94	2.0
1234	Non Essentials	Non Essentials	i. Essential clothing	2010-10	504.87	4.0
1235	Non Essentials	Non Essentials	i. Essential clothing	2011-01	119.95	2.0
1236	Non Essentials	Non Essentials	i. Essential clothing	2011-04	239.7	2.0
1237	Non Essentials	Non Essentials	i. Essential clothing	2011-07	25.0	1.0
1238	Non Essentials	Non Essentials	i. Essential clothing	2011-10	1320.69	6.0
1239	Non Essentials	Non Essentials	i. Essential clothing	2012-01	1292.12	4.0
1240	Non Essentials	Non Essentials	i. Essential clothing	2012-04	1223.5900000000001	10.0
1241	Non Essentials	Non Essentials	i. Essential clothing	2012-07	119.94	1.0
1242	Non Essentials	Non Essentials	i. Essential clothing	2012-10	1921.0300000000002	6.0
1243	Non Essentials	Non Essentials	i. Essential clothing	2013-01	248.7	2.0
1244	Non Essentials	Non Essentials	i. Essential clothing	2013-04	1760.0900000000001	11.0
1245	Non Essentials	Non Essentials	i. Essential clothing	2013-07	725.51	6.0
1247	Non Essentials	Non Essentials	i. Essential clothing	2014-01	446.97	5.0
1248	Non Essentials	Non Essentials	i. Essential clothing	2014-04	891.73	7.0
1249	Non Essentials	Non Essentials	i. Essential clothing	2014-07	2966.6999999999994	20.0
1250	Non Essentials	Non Essentials	i. Essential clothing	2014-10	1584.22	14.0
1251	Non Essentials	Non Essentials	i. Essential clothing	2015-01	1440.46	11.0
1252	Non Essentials	Non Essentials	i. Essential clothing	2015-04	2727.33	12.0
1253	Non Essentials	Non Essentials	i. Hairdressing	2010-01	152.0	2.0
1254	Non Essentials	Non Essentials	i. Hairdressing	2010-04	209.9	2.0
1255	Non Essentials	Non Essentials	i. Hairdressing	2010-07	418.95	3.0
1256	Non Essentials	Non Essentials	i. Hairdressing	2010-10	193.85	2.0
1258	Non Essentials	Non Essentials	i. Hairdressing	2011-04	149.95	1.0
1259	Non Essentials	Non Essentials	i. Hairdressing	2011-07	170.0	2.0
1260	Non Essentials	Non Essentials	i. Hairdressing	2011-10	309.45	2.0
1261	Non Essentials	Non Essentials	i. Hairdressing	2012-01	146.3	1.0
1263	Non Essentials	Non Essentials	i. Hairdressing	2012-07	115.0	1.0
1264	Non Essentials	Non Essentials	i. Hairdressing	2012-10	200.0	2.0
1265	Non Essentials	Non Essentials	i. Hairdressing	2013-01	333.45	2.0
1266	Non Essentials	Non Essentials	i. Hairdressing	2013-04	100.0	1.0
1267	Non Essentials	Non Essentials	i. Hairdressing	2013-07	209.9	2.0
1268	Non Essentials	Non Essentials	i. Hairdressing	2013-10	240.0	3.0
1269	Non Essentials	Non Essentials	i. Hairdressing	2014-01	310.0	3.0
1270	Non Essentials	Non Essentials	i. Hairdressing	2014-04	229.95	3.0
1271	Non Essentials	Non Essentials	i. Hairdressing	2014-07	260.0	2.0
1272	Non Essentials	Non Essentials	i. Hairdressing	2014-10	427.0	7.0
1273	Non Essentials	Non Essentials	i. Hairdressing	2015-01	296.75	6.0
1274	Non Essentials	Non Essentials	i. Hairdressing	2015-04	229.0	4.0
1275	Non Essentials	Non Essentials	i. Membership fees	2010-01	272.73	1.0
1277	Non Essentials	Non Essentials	i. Membership fees	2010-07	127.18999999999998	3.0
1278	Non Essentials	Non Essentials	i. Membership fees	2010-10	293.41	1.0
1283	Non Essentials	Non Essentials	i. Membership fees	2012-01	290.81	1.0
1286	Non Essentials	Non Essentials	i. Membership fees	2012-10	399.84999999999997	4.0
1289	Non Essentials	Non Essentials	i. Membership fees	2013-07	8.95	1.0
1290	Non Essentials	Non Essentials	i. Membership fees	2013-10	370.0	1.0
1291	Non Essentials	Non Essentials	i. Membership fees	2014-01	82.27000000000001	2.0
1293	Non Essentials	Non Essentials	i. Membership fees	2014-07	395.0	1.0
1294	Non Essentials	Non Essentials	i. Membership fees	2014-10	133.13	1.0
1295	Non Essentials	Non Essentials	i. Miscellaneous Non Periodic	2010-01	310.0	2.0
1300	Non Essentials	Non Essentials	i. Miscellaneous Non Periodic	2011-04	105.6	1.0
1304	Non Essentials	Non Essentials	i. Miscellaneous Non Periodic	2012-04	314.0	2.0
1305	Non Essentials	Non Essentials	i. Miscellaneous Non Periodic	2012-07	83.95	1.0
1306	Non Essentials	Non Essentials	i. Miscellaneous Non Periodic	2012-10	35.0	1.0
1307	Non Essentials	Non Essentials	i. Miscellaneous Non Periodic	2013-01	20.85	1.0
1308	Non Essentials	Non Essentials	i. Pet Care	2012-07	160.15	1.0
1311	Non Essentials	Non Essentials	i. Pet Care	2013-04	108.0	1.0
1312	Non Essentials	Non Essentials	i. Pet Care	2013-07	154.4	1.0
1313	Non Essentials	Non Essentials	i. Pet Care	2013-10	486.0	1.0
1315	Non Essentials	Non Essentials	i. Pet Care	2014-04	225.65	1.0
1316	Non Essentials	Non Essentials	i. Pet Care	2014-07	325.3	1.0
1317	Non Essentials	Non Essentials	i. Pet Care	2014-10	374.99	3.0
1318	Non Essentials	Non Essentials	i. Pet Care	2015-01	162.0	1.0
1319	Non Essentials	Non Essentials	i. Pet Care	2015-04	954.0	2.0
1320	Non Essentials	Non Essentials	i. Pharmacy	2010-01	12.98	1.0
1321	Non Essentials	Non Essentials	i. Pharmacy	2010-04	59.089999999999996	2.0
1322	Non Essentials	Non Essentials	i. Pharmacy	2010-07	38.8	2.0
1323	Non Essentials	Non Essentials	i. Pharmacy	2010-10	26.55	1.0
1324	Non Essentials	Non Essentials	i. Pharmacy	2011-01	46.95	1.0
1325	Non Essentials	Non Essentials	i. Pharmacy	2011-04	87.35999999999999	3.0
1327	Non Essentials	Non Essentials	i. Pharmacy	2011-10	27.9	2.0
1328	Non Essentials	Non Essentials	i. Pharmacy	2012-01	200.9	4.0
1329	Non Essentials	Non Essentials	i. Pharmacy	2012-04	96.08	3.0
1330	Non Essentials	Non Essentials	i. Pharmacy	2012-07	319.09999999999997	7.0
1331	Non Essentials	Non Essentials	i. Pharmacy	2012-10	119.71000000000001	3.0
1332	Non Essentials	Non Essentials	i. Pharmacy	2013-01	88.50999999999999	3.0
1333	Non Essentials	Non Essentials	i. Pharmacy	2013-04	102.45	3.0
1334	Non Essentials	Non Essentials	i. Pharmacy	2013-07	155.07999999999998	5.0
1335	Non Essentials	Non Essentials	i. Pharmacy	2013-10	675.03	12.0
1336	Non Essentials	Non Essentials	i. Pharmacy	2014-01	464.58	8.0
1337	Non Essentials	Non Essentials	i. Pharmacy	2014-04	566.9399999999999	8.0
1338	Non Essentials	Non Essentials	i. Pharmacy	2014-07	516.31	9.0
1339	Non Essentials	Non Essentials	i. Pharmacy	2014-10	176.48	4.0
1340	Non Essentials	Non Essentials	i. Pharmacy	2015-01	303.01	8.0
1341	Non Essentials	Non Essentials	i. Pharmacy	2015-04	340.5	5.0
1342	Non Essentials	Non Essentials	i. Shoes	2010-10	85.0	1.0
1344	Non Essentials	Non Essentials	i. Shoes	2011-04	298.99	2.0
1347	Non Essentials	Non Essentials	i. Shoes	2012-01	689.4200000000001	3.0
1353	Non Essentials	Non Essentials	i. Shoes	2013-07	484.86999999999995	3.0
1354	Non Essentials	Non Essentials	i. Shoes	2013-10	242.13	2.0
1356	Non Essentials	Non Essentials	i. Shoes	2014-04	207.44	1.0
1357	Non Essentials	Non Essentials	i. Shoes	2014-07	130.0	2.0
1358	Non Essentials	Non Essentials	i. Shoes	2014-10	331.96000000000004	3.0
1359	Non Essentials	Non Essentials	i. Shoes	2015-01	426.33	2.0
1360	Non Essentials	Non Essentials	i. Stationary & Post Office	2010-01	10.5	1.0
1361	Non Essentials	Non Essentials	i. Stationary & Post Office	2010-04	785.4	3.0
1362	Non Essentials	Non Essentials	i. Stationary & Post Office	2010-07	82.5	2.0
1363	Non Essentials	Non Essentials	i. Stationary & Post Office	2010-10	19.4	1.0
1364	Non Essentials	Non Essentials	i. Stationary & Post Office	2011-01	24.95	1.0
1366	Non Essentials	Non Essentials	i. Stationary & Post Office	2011-07	25.05	2.0
1368	Non Essentials	Non Essentials	i. Stationary & Post Office	2012-01	13.8	1.0
1370	Non Essentials	Non Essentials	i. Stationary & Post Office	2012-07	20.45	1.0
1371	Non Essentials	Non Essentials	i. Stationary & Post Office	2012-10	72.6	1.0
1375	Non Essentials	Non Essentials	i. Stationary & Post Office	2013-10	492.85	6.0
1376	Non Essentials	Non Essentials	i. Stationary & Post Office	2014-01	49.059999999999995	2.0
1377	Non Essentials	Non Essentials	i. Stationary & Post Office	2014-04	255.9	3.0
1379	Non Essentials	Non Essentials	i. Stationary & Post Office	2014-10	89.86	2.0
1380	Non Essentials	Non Essentials	i. Stationary & Post Office	2015-01	144.45	2.0
1381	Non Essentials	Non Essentials	i. Stationary & Post Office	2015-04	23.05	1.0
1382	Non Essentials	Non Essentials	i. Transport - Buses	2011-04	17.0	1.0
1386	Non Essentials	Non Essentials	i. Transport - Buses	2012-04	17.8	1.0
1389	Non Essentials	Non Essentials	i. Transport - Buses	2013-01	30.0	1.0
1390	Non Expenses	Non Expenses	c. Mortgage Interest	2010-01	4118.1900000000005	2.0
1391	Non Expenses	Non Expenses	c. Mortgage Interest	2010-04	6798.75	3.0
1392	Non Expenses	Non Expenses	c. Mortgage Interest	2010-07	7212.1	3.0
1393	Non Expenses	Non Expenses	c. Mortgage Interest	2010-10	7587.790000000001	3.0
1394	Non Expenses	Non Expenses	c. Mortgage Interest	2011-01	7494.799999999999	3.0
1395	Non Expenses	Non Expenses	c. Mortgage Interest	2011-04	7647.5599999999995	3.0
1396	Non Expenses	Non Expenses	c. Mortgage Interest	2011-07	7612.360000000001	3.0
1397	Non Expenses	Non Expenses	c. Mortgage Interest	2011-10	7330.18	3.0
1398	Non Expenses	Non Expenses	c. Mortgage Interest	2012-01	4734.62	2.0
1399	Non Expenses	Non Expenses	c. Mortgage Interest	2012-04	6856.76	3.0
1400	Non Expenses	Non Expenses	c. Mortgage Interest	2012-07	6207.2300000000005	3.0
1401	Non Expenses	Non Expenses	c. Mortgage Interest	2012-10	5959.54	3.0
1402	Non Expenses	Non Expenses	c. Mortgage Interest	2013-01	5654.77	3.0
1403	Non Expenses	Non Expenses	c. Mortgage Interest	2013-04	7381.7	4.0
1404	Non Expenses	Non Expenses	c. Mortgage Interest	2013-07	5380.97	3.0
1405	Non Expenses	Non Expenses	c. Mortgage Interest	2013-10	4915.32	3.0
1406	Non Expenses	Non Expenses	c. Mortgage Interest	2014-01	4708.03	3.0
1407	Non Expenses	Non Expenses	c. Mortgage Interest	2014-04	4920.26	3.0
1408	Non Expenses	Non Expenses	c. Mortgage Interest	2014-07	4755.12	3.0
1409	Non Expenses	Non Expenses	c. Mortgage Interest	2014-10	4708.12	3.0
1410	Non Expenses	Non Expenses	c. Mortgage Interest	2015-01	1546.77	1.0
1411	Non Expenses	Non Expenses	c. Mortgage Interest	2015-04	3021.52	1.0
1412	Non Expenses	Non Expenses	k Mortgage_Payment	2014-04	1703.32	1.0
1413	Non Expenses	Non Expenses	o. MC Corinne	2010-10	3790.3	2.0
1414	Non Expenses	Non Expenses	o. MC Corinne	2011-01	4276.6900000000005	3.0
1415	Non Expenses	Non Expenses	o. MC Corinne	2011-04	2468.85	2.0
1416	Non Expenses	Non Expenses	o. MC Corinne	2011-07	8507.09	4.0
1417	Non Expenses	Non Expenses	o. MC Corinne	2011-10	5157.96	2.0
1418	Non Expenses	Non Expenses	o. MC Corinne	2012-01	5506.66	4.0
1420	Non Expenses	Non Expenses	o. MC Corinne	2012-07	564.44	3.0
1421	Non Expenses	Non Expenses	o. MC Corinne	2012-10	2374.31	3.0
1422	Non Expenses	Non Expenses	o. MC Corinne	2013-01	5299.05	3.0
1423	Non Expenses	Non Expenses	o. MC Corinne	2013-04	1137.9	3.0
1424	Non Expenses	Non Expenses	o. MC Corinne	2013-07	6547.0	3.0
1425	Non Expenses	Non Expenses	o. MC Corinne	2013-10	2437.54	2.0
1426	Non Expenses	Non Expenses	o. MC Corinne	2014-01	7472.6900000000005	3.0
1427	Non Expenses	Non Expenses	o. MC Corinne	2014-04	3761.79	3.0
1428	Non Expenses	Non Expenses	o. MC Corinne	2014-07	4165.679999999999	3.0
1429	Non Expenses	Non Expenses	o. MC Corinne	2014-10	8083.179999999999	3.0
1430	Non Expenses	Non Expenses	o. MC Corinne	2015-01	-1597.29	4.0
1431	Non Expenses	Non Expenses	o. MC Corinne	2015-04	11998.25	3.0
1432	Non Expenses	Non Expenses	o. MC Luis	2010-10	10134.08	4.0
1433	Non Expenses	Non Expenses	o. MC Luis	2011-01	30642.559999999998	8.0
1434	Non Expenses	Non Expenses	o. MC Luis	2011-04	19054.68	4.0
1435	Non Expenses	Non Expenses	o. MC Luis	2011-07	15607.96	3.0
1436	Non Expenses	Non Expenses	o. MC Luis	2011-10	10948.35	3.0
1437	Non Expenses	Non Expenses	o. MC Luis	2012-01	15824.89	3.0
1438	Non Expenses	Non Expenses	o. MC Luis	2012-04	8842.98	2.0
1439	Non Expenses	Non Expenses	o. MC Luis	2012-07	16831.23	3.0
1440	Non Expenses	Non Expenses	o. MC Luis	2012-10	14472.86	3.0
1441	Non Expenses	Non Expenses	o. MC Luis	2013-01	20204.61	4.0
1442	Non Expenses	Non Expenses	o. MC Luis	2013-04	11125.55	3.0
1443	Non Expenses	Non Expenses	o. MC Luis	2013-07	6576.71	3.0
1444	Non Expenses	Non Expenses	o. MC Luis	2013-10	12677.029999999999	3.0
1445	Non Expenses	Non Expenses	o. MC Luis	2014-01	15808.36	4.0
1446	Non Expenses	Non Expenses	o. MC Luis	2014-04	10394.97	3.0
1447	Non Expenses	Non Expenses	o. MC Luis	2014-07	18494.5	3.0
1448	Non Expenses	Non Expenses	o. MC Luis	2014-10	12112.59	3.0
1449	Non Expenses	Non Expenses	o. MC Luis	2015-01	613.9700000000012	4.0
1450	Non Expenses	Non Expenses	o. MC Luis	2015-04	28133.45	4.0
1451	Non Expenses	Non Expenses	q Work_Expenses	2015-04	992.76	2.0
1452	Non Expenses	Non Expenses	q. Corinne Work Expenses	2010-07	16.0	1.0
1453	Non Expenses	Non Expenses	q. Corinne Work Expenses	2010-10	5631.69	51.0
1454	Non Expenses	Non Expenses	q. Corinne Work Expenses	2011-01	1116.25	12.0
1455	Non Expenses	Non Expenses	q. Corinne Work Expenses	2011-04	8024.999999999997	114.0
1456	Non Expenses	Non Expenses	q. Corinne Work Expenses	2011-07	17325.0	43.0
1457	Non Expenses	Non Expenses	q. Corinne Work Expenses	2011-10	19894.909999999978	110.0
1458	Non Expenses	Non Expenses	q. Corinne Work Expenses	2012-01	5974.279999999998	33.0
1459	Non Expenses	Non Expenses	q. Corinne Work Expenses	2012-04	283.06	6.0
1461	Non Expenses	Non Expenses	q. Corinne Work Expenses	2012-10	43.989999999999995	2.0
1462	Non Expenses	Non Expenses	q. Corinne Work Expenses	2013-01	18.4	1.0
1465	Non Expenses	Non Expenses	q. Corinne Work Expenses	2013-10	14.4	1.0
1466	Non Expenses	Non Expenses	q. Corinne Work Expenses	2014-01	194.45	4.0
1470	Non Expenses	Non Expenses	q. Corinne Work Expenses	2015-01	2022.7	16.0
1471	Non Expenses	Non Expenses	q. Corinne Work Expenses	2015-04	26.9	1.0
1472	Non Expenses	Non Expenses	r. Refunds	2010-07	-427.78999999999996	2.0
1473	Non Expenses	Non Expenses	r. Refunds	2010-10	-1599.1100000000001	5.0
1474	Non Expenses	Non Expenses	r. Refunds	2011-01	-1633.95	4.0
1475	Non Expenses	Non Expenses	r. Refunds	2011-04	-1181.75	2.0
1476	Non Expenses	Non Expenses	r. Refunds	2011-07	-2607.92	2.0
1477	Non Expenses	Non Expenses	r. Refunds	2011-10	-4457.12	3.0
1478	Non Expenses	Non Expenses	r. Refunds	2012-01	-3255.02	2.0
1479	Non Expenses	Non Expenses	r. Refunds	2012-04	-1861.75	9.0
1480	Non Expenses	Non Expenses	r. Refunds	2012-07	-1022.7	6.0
1481	Non Expenses	Non Expenses	r. Refunds	2012-10	-4942.04	6.0
1482	Non Expenses	Non Expenses	r. Refunds	2013-01	-551.0	1.0
1483	Non Expenses	Non Expenses	r. Refunds	2013-04	-985.1700000000001	5.0
1484	Non Expenses	Non Expenses	r. Refunds	2013-07	-5454.33	7.0
1485	Non Expenses	Non Expenses	r. Refunds	2013-10	-1300.72	12.0
1486	Non Expenses	Non Expenses	r. Refunds	2014-01	-931.9499999999998	7.0
1487	Non Expenses	Non Expenses	r. Refunds	2014-04	-1299.95	9.0
1488	Non Expenses	Non Expenses	r. Refunds	2014-07	-1103.09	9.0
1489	Non Expenses	Non Expenses	r. Refunds	2014-10	-7110.5	8.0
1490	Non Expenses	Non Expenses	r. Refunds	2015-01	-817.6	3.0
1491	Non Expenses	Non Expenses	r. Refunds	2015-04	-2231.6499999999996	7.0
1492	Non Expenses	Non Expenses	r. Salary Corinne	2010-10	-15050.800000000001	4.0
1493	Non Expenses	Non Expenses	r. Salary Corinne	2011-01	-19907.64	4.0
1494	Non Expenses	Non Expenses	r. Salary Corinne	2011-04	-29984.54	7.0
1495	Non Expenses	Non Expenses	r. Salary Corinne	2011-07	-24926.78	5.0
1496	Non Expenses	Non Expenses	r. Salary Corinne	2011-10	-18011.97	3.0
1497	Non Expenses	Non Expenses	r. Salary Corinne	2012-01	-18181.32	3.0
1498	Non Expenses	Non Expenses	r. Salary Corinne	2012-04	-17458.74	3.0
1499	Non Expenses	Non Expenses	r. Salary Corinne	2012-07	-20699.4	3.0
1500	Non Expenses	Non Expenses	r. Salary Corinne	2012-10	-20725.920000000002	3.0
1501	Non Expenses	Non Expenses	r. Salary Corinne	2013-01	-20699.41	3.0
1502	Non Expenses	Non Expenses	r. Salary Corinne	2013-04	-20746.71	4.0
1503	Non Expenses	Non Expenses	r. Salary Corinne	2013-07	-19520.66	3.0
1504	Non Expenses	Non Expenses	r. Salary Corinne	2013-10	-22704.52	4.0
1505	Non Expenses	Non Expenses	r. Salary Corinne	2014-01	-21249.14	3.0
1506	Non Expenses	Non Expenses	r. Salary Corinne	2014-04	-21081.79	3.0
1507	Non Expenses	Non Expenses	r. Salary Corinne	2014-07	-19725.98	3.0
1508	Non Expenses	Non Expenses	r. Salary Corinne	2014-10	-13409.81	2.0
1509	Non Expenses	Non Expenses	r. Salary Corinne	2015-01	-25475.030000000002	8.0
1510	Non Expenses	Non Expenses	r. Salary Corinne	2015-04	-13485.390000000001	4.0
1511	Non Expenses	Non Expenses	r. Salary LHR	2010-10	-16374.28	2.0
1512	Non Expenses	Non Expenses	r. Salary LHR	2011-01	-25834.299999999996	4.0
1513	Non Expenses	Non Expenses	r. Salary LHR	2011-04	-25320.72	3.0
1514	Non Expenses	Non Expenses	r. Salary LHR	2011-07	-16766.48	2.0
1515	Non Expenses	Non Expenses	r. Salary LHR	2011-10	-25149.72	3.0
1516	Non Expenses	Non Expenses	r. Salary LHR	2012-01	-16766.48	2.0
1517	Non Expenses	Non Expenses	r. Salary LHR	2012-04	-40996.17	5.0
1518	Non Expenses	Non Expenses	r. Salary LHR	2012-07	-25784.72	3.0
1519	Non Expenses	Non Expenses	r. Salary LHR	2012-10	-25320.72	3.0
1520	Non Expenses	Non Expenses	r. Salary LHR	2013-01	-25320.72	3.0
1521	Non Expenses	Non Expenses	r. Salary LHR	2013-04	-26210.739999999998	3.0
1522	Non Expenses	Non Expenses	r. Salary LHR	2013-07	-26795.42	8.0
1523	Non Expenses	Non Expenses	r. Salary LHR	2013-10	-26735.42	6.0
1524	Non Expenses	Non Expenses	r. Salary LHR	2014-01	-26210.409999999996	3.0
1525	Non Expenses	Non Expenses	r. Salary LHR	2014-04	-27150.159999999996	3.0
1526	Non Expenses	Non Expenses	r. Salary LHR	2014-07	-26940.18	3.0
1527	Non Expenses	Non Expenses	r. Salary LHR	2014-10	-26940.17	3.0
1528	Non Expenses	Non Expenses	r. Salary LHR	2015-01	-27142.16	3.0
1529	Non Expenses	Non Expenses	r. Salary LHR	2015-04	-18301.57	2.0
1530	Non Expenses	Non Expenses	r. Savings Interest	2010-10	-6.51	5.0
1531	Non Expenses	Non Expenses	r. Savings Interest	2011-01	-15.91	5.0
1532	Non Expenses	Non Expenses	r. Savings Interest	2011-04	-14.61	5.0
1533	Non Expenses	Non Expenses	r. Savings Interest	2011-07	-17.32	5.0
1534	Non Expenses	Non Expenses	r. Savings Interest	2011-10	-12.36	5.0
1535	Non Expenses	Non Expenses	r. Savings Interest	2012-01	-0.16	2.0
1536	Non Expenses	Non Expenses	r. Savings Interest	2012-04	-6.62	4.0
1537	Non Expenses	Non Expenses	r. Savings Interest	2012-07	-6.5600000000000005	5.0
1538	Non Expenses	Non Expenses	r. Savings Interest	2012-10	-6.21	5.0
1539	Non Expenses	Non Expenses	r. Savings Interest	2013-01	-3.58	5.0
1540	Non Expenses	Non Expenses	r. Savings Interest	2013-04	-1.7	4.0
1541	Non Expenses	Non Expenses	r. Savings Interest	2013-07	-0.42000000000000004	5.0
1542	Non Expenses	Non Expenses	r. Savings Interest	2013-10	-0.4	5.0
1543	Non Expenses	Non Expenses	r. Savings Interest	2014-01	-0.35	5.0
1544	Non Expenses	Non Expenses	r. Savings Interest	2014-04	-0.28	3.0
1545	Non Expenses	Non Expenses	r. Savings Interest	2014-07	-0.37	5.0
1546	Non Expenses	Non Expenses	r. Savings Interest	2014-10	-0.35000000000000003	4.0
1547	Non Expenses	Non Expenses	r. Savings Interest	2015-01	-4.859999999999999	3.0
1548	Non Expenses	Non Expenses	r. Savings Interest	2015-04	-0.01	1.0
